"URL","Image URL","ASIN","Title","Brand","Fulfillment","Category","BSR","UPC","GTIN","EAN","ISBN","Subcategory","Subcategory BSR","Price","Price Trend (90 days) (%)","Parent Level Sales","ASIN Sales","Sales Trend (90 days) (%)","Parent Level Revenue","ASIN Revenue","Review Count","Reviews Rating","Seller","Seller Country/Region","Number of Active Sellers","Last Year Sales","Sales Year Over Year (%)","Size Tier","Length","Width","Height","Weight","Storage Fee (Jan - Sep)","Storage Fee (Oct - Dec)","Best Sales Period","Age (Month)","Number of Images","Variation Count","Sales to Reviews"
"https://amazon.fr/dp/B00BGBQKLU","https://m.media-amazon.com/images/I/51LAMvVC53L._SX450_.jpg","B00BGBQKLU","Niklas chauffage au gaz infrarouge.","NIKLAS","FBM","Cuisine et Maison",168609,"N/A","N/A",8430045380256,"N/A","Radiateurs",314,98,-4,20,20,115,1992.58,1992.49,10,4.4,"Univers Du Pro","France",4,73,43,"Standard Parcel",0,0,0,23.15,"N/A","N/A","11/01/2024",138,9,0,2.04
"https://amazon.fr/dp/B07KSWVR5J","https://m.media-amazon.com/images/I/41kQYOseDfL._SX450_.jpg","B07KSWVR5J","Voltman Chauffage électrique Panneaux rayonnants 1500W","Voltman","FBM","Bricolage",47064,"N/A",03380235400149,3380235400149,"N/A","Radiateurs",29,69.9,-6,47,16,-58,3954.48,1117.56,37,4.3,"Enexo","France",2,608,166,"Standard Oversize",5.31,19.33,29.25,13.23,"N/A","N/A","01/01/2026",88,7,3,1.26
"https://amazon.fr/dp/B0CZR6B127","https://m.media-amazon.com/images/I/816uIIP8q+L._SX450_.jpg","B0CZR6B127","LANAFORM - Heating Panel - Chauffage De Bureau - Panneau Chauffant Pliable - Panneau De Chauffage - 3 Intensités De Chauffe - Accessoire De Bureau","Lanaform","FBA","Hygiène et Santé",42827,"N/A","N/A",5410984118885,"N/A","Chauffe-pieds",52,48.95,-49,38,38,,1845.11,1844.96,7,4,"LANAFORM","Belgium",2,0,"N/A","Standard Oversize",0.79,15.75,20.47,4.41,"N/A","N/A","02/01/2026",24,9,0,5.38
"https://amazon.fr/dp/B0DN15DRVY","https://m.media-amazon.com/images/I/41h-g3y4oGL._SX450_.jpg","B0DN15DRVY","alpina Chauffage Mural 1000-2000W - Chauffage Céramique PTC avec Télécommande - Réglable en Température et Minuterie - Radiateur Mural pour Intérieur, Blanc","alpina","Amazon","Bricolage",10054,"N/A","N/A",8711252002781,"N/A","Radiateurs",3,70.99,6,51,51,-32,3353.46,3352.99,46,4.2,"Amazon","N/A",4,0,"N/A","Standard Oversize",5.83,8.66,17.83,5.25,"N/A","N/A","11/01/2025",16,9,0,1.12
"https://amazon.fr/dp/B00935TXSS","https://m.media-amazon.com/images/I/61CYTqNWUqL._SX450_.jpg","B00935TXSS","Adax Neo NL - Radiateur Electrique 600W | Chauffage Electrique | Faible Consommation d'Energie | Chauffage d'appoint | Convecteur Electrique Mural avec Thermostat | Hauteur 200mm | KDT Blanc","ADAX","FBM","Bricolage",20507,"N/A","N/A",7040666600063,"N/A","Radiateurs",10,155.99,-10,28,13,23,4627.27,2122.1,210,3.8,"espace-bricolage","France",3,455,-17,"Standard Oversize",3.54,8.74,35.51,8.42,"N/A","N/A","10/01/2025",123,5,4,0.13
"https://amazon.fr/dp/B006LKP6PM","https://m.media-amazon.com/images/I/61CYTqNWUqL._SX450_.jpg","B006LKP6PM","Adax Neo NL - Radiateur Electrique 800W | Chauffage Electrique | Faible Consommation d'Energie | Chauffage d'appoint | Convecteur Electrique Mural avec Thermostat | Hauteur 200mm | KDT Blanc","ADAX","FBM","Bricolage",20502,"N/A",07040666600087,7040666600087,"N/A","Radiateurs",10,162.99,-19,28,8,23,4627.27,1250.97,210,3.8,"espace-bricolage","France",3,455,-17,"Standard Oversize",3.46,8.39,42.72,9.57,"N/A","N/A","10/01/2025",173,6,4,0.13
"https://amazon.fr/dp/2416015125","https://m.media-amazon.com/images/I/81XfocGqepL._SX450_.jpg",2416015125,"La plomberie et le chauffage en fiches pratiques","EYROLLES","Amazon","Livres",4561,"N/A","N/A",9782416015120,2416015125,"Chauffage, ventilation et climatisation",1,32,-11,48,48,-42,1531.8,1531.66,30,4.7,"Amazon","N/A",6,577,"N/A","Large Envelope",0.59,8.74,10.94,2.01,"N/A","N/A","01/01/2025",26,1,0,1.6
"https://amazon.fr/dp/B07M6PM4DX","https://m.media-amazon.com/images/I/810W-GNiUgL._SX450_.jpg","B07M6PM4DX","Circulateur Rohtenbach 25–40/180 pour chauffage central","Rohtenbach","FBA","Bricolage",40919,"N/A","N/A",5902557114764,"N/A","Accessoires",168,59.18,-4,63,63,-42,3668,3667.56,154,4.5,"Digital Brico","France",3,888,"N/A","Standard Parcel",5.39,5.59,7.91,5.14,"N/A","N/A","10/01/2025",86,7,0,0.41
"https://amazon.fr/dp/B01LL87M7S","https://m.media-amazon.com/images/I/61sgSAkNheL._SX450_.jpg","B01LL87M7S","Perel Radiateur à bain d’huile 700 W, 7 éléments, chauffage bain d’huile, chauffage d’appoint, radiateur électrique, thermostat, poignée, roulettes, max.15 m², blanc","Perel","Amazon","Cuisine et Maison",72296,"N/A","N/A",5411244780071,"N/A","Appareils de chauffage électriques",19,36.45,-14,65,42,-98,3328.91,1543.85,275,3.8,"Amazon","N/A",6,1716,"N/A","Standard Oversize",5.51,13.94,16.54,8.55,"N/A","N/A","12/01/2024",114,7,4,0.24
"https://amazon.fr/dp/B07M6QN3Z4","https://m.media-amazon.com/images/I/91BogM4c2dL._SX450_.jpg","B07M6QN3Z4","Circulateur Rohtenbach 25–60/180 pour chauffage central","Rohtenbach","FBA","Bricolage",17339,"N/A","N/A",5902557114771,"N/A","Accessoires",51,57.4,-22,108,108,-65,6402.67,6402.36,252,4.4,"Digital Brico","France",3,1859,83,"Standard Parcel",5.43,5.63,7.87,5.62,"N/A","N/A","11/01/2025",86,6,0,0.43
"https://amazon.fr/dp/B0D4VLP4SR","https://m.media-amazon.com/images/I/71af1hkHk5L._SX450_.jpg","B0D4VLP4SR","tectake® Chauffage Electrique Infrarouge Silencieux Chauffage exterieur terrasse réglable économique 1000W, 2000W & 3000W Chauffages d'appoint pour Jardin, Balcon, Salon, Restaurant, Jardin d'hiver","tectake","FBM","Cuisine et Maison",104171,"N/A","N/A",4061173259660,"N/A","Radiateurs électriques",101,97.79,-26,14,14,440,1462.5,1462.35,43,4.1,"Made4Home SAS","France",2,130,"N/A","Standard Oversize",39.57,7.48,6.1,9.17,"N/A","N/A","01/01/2026",22,8,0,0.36
"https://amazon.fr/dp/B09L1QCSZV","https://m.media-amazon.com/images/I/61K0Xl1OUvL._SX450_.jpg","B09L1QCSZV","De'Longhi Capsule Desk - Chauffage Céramique Personnel, Mini-Chauffage Électrique Basse Consommation, Chaleur Immédiate, Silencieux, Arrêt Automatique si renversé, 360 W, Rose (HFX10B03.PK)","De'Longhi","Amazon","Cuisine et Maison",89510,"N/A",08004399021563,8004399021563,"N/A","Nettoyeurs vapeur",96,63.79,-2,24,24,10,1268.22,1268.01,207,4.4,"Amazon","N/A",3,138,-16,"Standard Parcel",5.55,7.13,12.6,2.65,"N/A","N/A","11/01/2024",44,8,0,0.12
"https://amazon.fr/dp/B0D4DZYNFF","https://m.media-amazon.com/images/I/71jWjq8SXwL._SX450_.jpg","B0D4DZYNFF","tectake® Chauffage Electrique Infrarouge Silencieux Chauffage exterieur terrasse réglable économique 650W, 1300W & 2000W Chauffages d'appoint pour Jardin, Balcon, Chambre, Salon, Table à langer","tectake","FBM","Cuisine et Maison",25131,"N/A",04061173259677,4061173259677,"N/A","Radiateurs électriques",25,58.79,-30,60,60,87,3776.03,3775.86,147,4.3,"Made4Home SAS","France",2,472,"N/A","Standard Oversize",21.26,20.87,8.46,20.24,"N/A","N/A","01/01/2026",22,8,0,0.41
"https://amazon.fr/dp/B09KVJT946","https://m.media-amazon.com/images/I/61it-0uE+KL._SX450_.jpg","B09KVJT946","alpina Chauffage Extérieur Terrasse 2000W – Radiateur Électrique Infrarouge avec Télécommande – Chauffage Infrarouge - Montage Plafond ou Mural – Étanche IP55-67,5 x 10,5 x 7 cm","alpina","Amazon","Jardin",28399,"N/A","N/A",8711252187792,"N/A","Appareils de chauffage extérieur",29,54.99,-20,31,31,7,1702.68,1702.55,68,4,"Amazon","N/A",2,307,"N/A","Standard Oversize",5.67,6.77,29.02,6,"N/A","N/A","11/01/2025",52,10,0,0.46
"https://amazon.fr/dp/B0FT8N9TGM","https://m.media-amazon.com/images/I/81IGdTfjmjL._SX450_.jpg","B0FT8N9TGM","NAC Chauffage Soufflant Electrique 3000W - Radiateur Electrique Mobile avec Thermostat & 3 Niveaux de Chaleur – Chauffage Industriel Céramique pour Garage Atelier Chantier Serre - Canon Air Chaud","NAC NEW AMERICAN CONCEPT","FBM","Bricolage",39297,"N/A","N/A",5905842520691,"N/A","Radiateurs",20,57.35,-21,81,54,62,3889.58,2773.3,35,4,"EFI Global Store FR","Czechia",2,0,"N/A","Standard Parcel",7.32,10.04,11.1,5.36,"N/A","N/A","01/01/2026",5,12,4,2.31
"https://amazon.fr/dp/B003HQ97E4","https://m.media-amazon.com/images/I/71vgSqRV2bL._SX450_.jpg","B003HQ97E4","Fernox 56599 F1 Produit protecteur pour systèmes de chauffage central","Fernox","FBA","Bricolage",21861,"N/A",05698292057540,9677776621756,"N/A","Accessoires",73,41.49,-20,46,46,138,2006.97,2006.75,167,4.7,"Digital Brico","France",4,401,12,"Extra Large Envelope",1.93,3.46,7.2,1.37,"N/A","N/A","10/01/2025",163,2,1,0.27
"https://amazon.fr/dp/B0761TDVSV","https://m.media-amazon.com/images/I/51zvFWerbqL._SX450_.jpg","B0761TDVSV","Parasol chauffant OSLO - chauffage d'extérieur au gaz en acier noir","Happy Garden","FBM","Jardin",55917,"N/A","N/A",3795120373499,"N/A","Appareils de chauffage extérieur",72,159.9,-6,15,15,-90,2335.97,2335.66,98,3.9,"allstore FR","France",2,111,"N/A","Standard Oversize",19.69,19.69,36.22,41.89,"N/A","N/A","12/01/2025",102,9,0,0.15
"https://amazon.fr/dp/B0CLY9MT63","https://m.media-amazon.com/images/I/61c2utUfqgL._SX450_.jpg","B0CLY9MT63","OLiWia Fendeuse De Bois De Chauffage Fendeuse À Bois Portable Et Robuste Fendeuse De Bûches Manuelle Coupe-Bois De Chauffage À Usage De Terrain De Camping À Domicile","OLiWia","FBM","Jardin",68048,"N/A","N/A",1099296775302,"N/A","Fendeurs de bûches",26,79.23,-35,22,22,3850,1259.5,1259.2,1,1,"AHJYLM-WULIUXIN666","China",2,36,"N/A","N/A","N/A","N/A","N/A","N/A","N/A","N/A","01/01/2026",19,7,0,21.81
"https://amazon.fr/dp/B0DKTKZJSG","https://m.media-amazon.com/images/I/61XksULpxxL._SX450_.jpg","B0DKTKZJSG","VEVOR Chauffage Diesel 2 kW, Réchauffeur d'Air Diesel 12/24 V, Contrôle par App Bluetooth, Télécommande et Écran d'Affichage, Alarme CO, Portable, Chauffage Rapide, pour Bateau Caravane Véhicules","VEVOR","Amazon","Auto et Moto",9299,197988765240,"N/A",0197988765240,"N/A","Fours",2,114.9,27,58,58,-58,6647.01,6646.85,69,3.7,"Amazon","N/A",3,658,"N/A","Standard Oversize",7.48,15.94,17.32,16.14,"N/A","N/A","12/01/2025",16,9,0,0.84
"https://amazon.fr/dp/B0FM8CR8QB","https://m.media-amazon.com/images/I/71Ds6PSNa5L._SX450_.jpg","B0FM8CR8QB","Aroeve Chauffage d'appoint, PTC 2000W Chauffage Electrique, 4 Modes dont Éco, Oscillation 90°, Minuterie 24H, Télécommande, Puissant et Silencieux avec, Protection contre Surchauffe et Chute pour la M","AROEVE","FBA","Cuisine et Maison",132380,850070209472,"N/A",0850070209472,"N/A","Radiateurs électriques",124,56.64,-7,120,120,-99,7381.36,7381.21,369,4.4,"YUN FA  GmbH","Germany",2,0,"N/A","Standard Parcel",6.89,8.27,17.68,5.97,"N/A","N/A","10/01/2025",6,8,0,0.33
"https://amazon.fr/dp/B0DDT5KW76","https://m.media-amazon.com/images/I/719XvzZ5adL._SX450_.jpg","B0DDT5KW76","Topdot Gilet Chauffant Femme Avec Batterie 16000 Mah 7,4 V Incluse - 10 Zones De Chauffage, Veste Chauffante Avec 3 Niveaux De TempéRature,Chauffage Veste Sans Manche Chauffante,L","Topdot","FBA","Mode",48026,768383214918,"N/A",0768383214918,"N/A","Gilets",19,79.99,-19,98,17,16,7342.33,1277.48,51,4.3,"RUN-US","China",2,458,"N/A","Standard Parcel",3.43,9.88,13.5,1.98,"N/A","N/A","01/01/2025",18,7,6,1.92
"https://amazon.fr/dp/B0BLNKG3NL","https://m.media-amazon.com/images/I/41YNUgYhxOL._SX450_.jpg","B0BLNKG3NL","BigKing Fendeur De Bûches De Bois De Chauffage, Coin De Fendeur De Bois De Chauffage Robuste Petit Fendeur De Bûches Manuel pour Petit Poêle À Bois De Cheminée","BigKing","FBA","Jardin",7957,"N/A","N/A","N/A","N/A","Accessoires pour fendeuses à bois",5,33.88,5,44,44,-95,1471.82,1471.68,129,3.9,"Bigking–EU","China",2,616,58,"Small Parcel",4.57,4.69,6.02,1.83,"N/A","N/A","11/01/2025",40,9,0,0.34
"https://amazon.fr/dp/B0FWC2J32N","https://m.media-amazon.com/images/I/51Z-N9f0+IL._SX450_.jpg","B0FWC2J32N","ACOLY Résistance de Moteur de Ventilateur de Chauffage, Remplacement 1610497380 CE859001, Module de Commande de résistance de Moteur de Chauffage pour C4 Cactus 308 508 II 2019-2023","ACOLY","FBA","Auto et Moto",43360,"N/A","N/A","N/A","N/A","Résistance de moteur de ventilateur",101,26.99,-32,66,66,,1777.01,1776.21,"N/A","N/A","ACOLY","N/A",2,0,"N/A","Small Parcel",2.87,2.99,4.53,0.33,"N/A","N/A","02/01/2026",5,7,0,"N/A"
"https://amazon.fr/dp/B0D8P3ZKFN","https://m.media-amazon.com/images/I/71PhwiY+T9L._SX450_.jpg","B0D8P3ZKFN","VEVOR Nettoyeur à Ultrasons Numérique 10 L, Chauffage 400 W, Ultrasons 240 W, Bac Ultrasons avec Chauffage et Minuterie, Appareil de Nettoyage Ultrasonique en Inox, pour Bijoux Lunettes Montres","VEVOR","Amazon","Commerce, Industrie et Science",3344,197988391388,"N/A",0197988391388,"N/A","Fournitures pour le nettoyage du laboratoire",16,91.9,-38,32,22,-42,2797.14,2016.94,182,4.1,"Amazon","N/A",3,538,"N/A","Standard Oversize",12.09,13.11,16.14,15.61,"N/A","N/A","02/01/2025",20,8,6,0.18
"https://amazon.fr/dp/B00X9S0R3K","https://m.media-amazon.com/images/I/51prEZAQsQL._SX450_.jpg","B00X9S0R3K","Radialight TBCS5001 CES5000 Chauffage Soufflant de salle de bain à montage mural","Radialight","FBA","Cuisine et Maison",48649,"N/A","N/A",8019250050002,"N/A","Radiateurs électriques",47,129,-6,27,27,-58,3421.13,3420.98,337,3.8,"Radialight by Ermete Giudici S.p.A.","Italy",2,376,-30,"Standard Oversize",6.61,12.28,18.5,7.78,"N/A","N/A","11/01/2024",118,5,0,0.08
"https://amazon.fr/dp/B0DVCFSFP7","https://m.media-amazon.com/images/I/71fATXnrngL._SX450_.jpg","B0DVCFSFP7","Bois bûches Extra-Sec pour Chauffage Haute Performance (50 cm 28 kg)","FUMAX","FBM","Bricolage",47425,"N/A","N/A",3667308000032,"N/A","Combustibles",48,44.9,-7,37,26,3,1617.74,1173.33,10,4.4,"Espace Nego","France",2,172,"N/A","Standard Oversize",23.62,15.75,11.81,33.07,"N/A","N/A","01/01/2026",14,5,8,3.72
"https://amazon.fr/dp/B0DN19TTJZ","https://m.media-amazon.com/images/I/716y4PrsdML._SX450_.jpg","B0DN19TTJZ","VHV Machine à Café Portable de Voyage,Chauffage Rapide 3 En 1 Cafetiere Portable 12V, Auto-Chauffage de 4 à 6 Minutes, Grandes Capsules, Café Moulu, Pour Le Camping, Bureau, Maison, Voiture (Noir)","VHV","FBA","Cuisine et Maison",15763,"N/A","N/A","N/A","N/A","Cafetières à capsules",23,45.99,26,101,72,-112,4743.36,3362.86,252,3.6,"MARIN KASARTOU","Cyprus",2,3240,"N/A","Small Parcel",3.58,3.7,12.32,2.05,"N/A","N/A","03/01/2025",13,9,5,0.4
"https://amazon.fr/dp/B08JZ1JQSR","https://m.media-amazon.com/images/I/41+V3IRsXVL._SX450_.jpg","B08JZ1JQSR","Circulateur de pompe sans fil RS25/6-3 P entraxe 130 mm pompe pour chauffage","Imar srl","FBA","Bricolage",116217,"N/A","N/A","N/A","N/A","Accessoires",654,143.14,-6,14,14,80,2067.33,2067.06,30,4.2,"Recamania","Spain",2,171,"N/A","Standard Parcel",5.04,7.83,8.07,5.56,"N/A","N/A","11/01/2025",65,2,0,0.48
"https://amazon.fr/dp/B08ZJGGLZV","https://m.media-amazon.com/images/I/61iMornhzpS._SX450_.jpg","B08ZJGGLZV","Delta Dore Tête Thermostatique TRV 1.0 et adaptateurs. Chauffage connecté, Programmation, Contrôle vocal - 6050649 Blanc","Delta Dore","FBM","Bricolage",161011,"N/A","N/A",3513140005998,"N/A","Accessoires",981,69.99,"N/A",16,16,,1009.4,1009.24,4,3.4,"EKIPSE","Italy",4,39,1200,"Small Parcel",2.68,3.58,5.63,0.64,"N/A","N/A","02/01/2026",60,3,0,4.02
"https://amazon.fr/dp/B0D7WG9R28","https://m.media-amazon.com/images/I/71sIpBsPCIL._SX450_.jpg","B0D7WG9R28","SPARES2GO Petit burin à bois robuste pour fendre le bois de chauffage (3 kg, grand)","Spares2go","FBA","Jardin",17270,"N/A","N/A",5057817582255,"N/A","Coins éclateurs",13,34.99,-20,39,39,103,1367.45,1367.29,129,4.2,"SPARES-2-GO","United Kingdom of Great Britain and Northern Ireland",2,0,"N/A","Small Parcel",7.28,5.91,4.33,6.55,"N/A","N/A","02/01/2026",21,9,0,0.3
"https://amazon.fr/dp/B07HMXZ4S4","https://m.media-amazon.com/images/I/61Ik15OViqL._SX450_.jpg","B07HMXZ4S4","YAOPEI Resistance Chauffage + Faisceau Electrique 206 307 C3 Xsara Picasso Avec Climatisation Manuelle 6450JP 6450.JP","YAOPEI","FBA","Auto et Moto",40321,757170253360,"N/A",0757170253360,"N/A","Résistance de moteur de ventilateur",92,21.99,22,67,67,-13,1480.19,1479.39,157,4.2,"HONORY","China",2,367,"N/A","Small Parcel",2.91,3.31,5.04,0.29,"N/A","N/A","11/01/2025",86,7,0,0.43
"https://amazon.fr/dp/B07V3FPBLT","https://m.media-amazon.com/images/I/61mTuH5KBWL._SX450_.jpg","B07V3FPBLT","Pompe de chauffage et cyclage d'origine Lave-vaisselle 12014980, BG98480079 BOSCH Lave-vaisselle 12014980, BG98480079 BOSCH","BSH","FBM","Gros électroménager",460,"N/A","N/A",4054905492008,"N/A","Pièces et accessoires pour lave-linges",134,88.6,-9,35,35,-54,3210.38,3210.12,41,4.7,"SOS-Accessoire","France",8,412,222,"Standard Parcel",6.57,7.4,9.21,1.79,"N/A","N/A","12/01/2025",80,6,0,0.85
"https://amazon.fr/dp/B01K3ZKP7Y","https://m.media-amazon.com/images/I/7120RLgeZ1L._SX450_.jpg","B01K3ZKP7Y","Chemin’Arte Foyer Électrique Effet Flammes + Chauffage 2000W - LEDs - Conçu en France - 45x23x24 cm - Garanti 2 Ans","Chemin'Arte","Amazon","Bricolage",78514,"N/A",03760176961174,3760176961174,"N/A","Cheminées électriques",35,179,8,28,28,-96,4801.81,4801.64,312,4,"Amazon","N/A",8,408,40,"Standard Oversize",10.63,11.02,19.53,11.07,"N/A","N/A","11/01/2024",115,6,0,0.09
"https://amazon.fr/dp/B01MU1IL1O","https://m.media-amazon.com/images/I/61ypIWqrDNL._SX450_.jpg","B01MU1IL1O","ReporShop - POMPE POUR CHAUFFAGE CENTRAL WILO MODÈLE RS25/5-3P Tension 1x230v. Connexion 1"" 1/2. - RE280000001","Recamania","FBA","Bricolage",41572,"N/A","N/A",8426332364511,"N/A","Construction",3212,149,-2,14,14,-16,2044.06,2043.93,113,4.7,"Recamania","Spain",2,168,44,"Standard Parcel",5.87,6.54,8.58,5.38,"N/A","N/A","09/01/2025",111,7,0,0.12
"https://amazon.fr/dp/B0DSLSXM5W","https://m.media-amazon.com/images/I/41XHth-7FQL._SX450_.jpg","B0DSLSXM5W","Radiateur à Inertie Sèche Éco-Confort - Faible Consommation, Thermostat Digital Réglable, Design Moderne & Chauffage Performant (2000 W)","KELI FRANCE","FBA","Bricolage",39133,"N/A","N/A",3501706952008,"N/A","Radiateurs",19,198,-7,66,22,-23,10849.79,4297.22,49,4.5,"KELI FRANCE","France",2,768,"N/A","Standard Oversize",39.37,5.12,19.69,35.05,"N/A","N/A","10/01/2025",14,5,3,1.34
"https://amazon.fr/dp/B0DSLT381Q","https://m.media-amazon.com/images/I/41zaqwbvP7L._SX450_.jpg","B0DSLT381Q","Radiateur à Inertie Sèche Éco-Confort - Faible Consommation, Thermostat Digital Réglable, Design Moderne & Chauffage Performant (1500 W)","KELI FRANCE","FBM","Bricolage",39133,"N/A","N/A",3501706951506,"N/A","Radiateurs",19,168,-7,66,19,-23,10849.79,3241.21,50,4.4,"KELI FRANCE","France",2,768,"N/A","Standard Oversize",4.92,19.49,31.3,28.7,"N/A","N/A","10/01/2025",14,5,3,1.31
"https://amazon.fr/dp/B0DSLS2VP7","https://m.media-amazon.com/images/I/41iJZRzsAJL._SX450_.jpg","B0DSLS2VP7","Radiateur à Inertie Sèche Éco-Confort - Faible Consommation, Thermostat Digital Réglable, Design Moderne & Chauffage Performant (1000 W)","KELI FRANCE","FBA","Cuisine et Maison",134709,"N/A","N/A",3501706951001,"N/A","Radiateurs électriques",128,134,-7,66,25,-23,10849.79,3310.88,50,4.4,"KELI FRANCE","France",2,768,"N/A","Standard Oversize",5.12,19.69,23.23,21.03,"N/A","N/A","10/01/2025",14,5,3,1.4
"https://amazon.fr/dp/B0DJ3GT92D","https://m.media-amazon.com/images/I/81JaiHXbEPL._SX450_.jpg","B0DJ3GT92D","Ciano, Aquarium 60 Blanc, pour Poissons, Équipé d'un Filtre, Consommables, LED et Chauffage, 58L, Emballage Renforcé pour Envoi Web","CIANO","Amazon","Animalerie",28358,"N/A","N/A",5607390542674,"N/A","Aquariums",53,134.01,208,36,26,-63,3516.97,2791.85,44,3.8,"Amazon","N/A",2,452,"N/A","Standard Oversize",15.35,16.14,26.77,22.13,"N/A","N/A","11/01/2025",18,9,2,0.81
"https://amazon.fr/dp/B0FCL6BMR5","https://m.media-amazon.com/images/I/71qzpvZ-JHL._SX450_.jpg","B0FCL6BMR5","Chauffage d'appoint,60cm radiateur electrique, télécommande et minuterie 12h, interrupteur basculant et protection contre la surchauffe, 2000 W, 3 modes","Ykgutilu","FBA","Cuisine et Maison",42935,750834135293,"N/A",0750834135293,"N/A","Radiateurs soufflants",30,39.99,-46,79,79,-83,3265.3,3265.15,78,4.2,"SUPER PLUS STORE FORZE LAURA","Romania",2,0,"N/A","Standard Oversize",6.3,7.48,23.82,7.08,"N/A","N/A","11/01/2025",9,9,0,1.02
"https://amazon.fr/dp/B0CLYQ6JFF","https://m.media-amazon.com/images/I/41vjx24McdL._SX450_.jpg","B0CLYQ6JFF","NK Mini réfrigérateur portable 4 litres, fonctionnement 12 V-220 V, fonction de refroidissement et de chauffage, pour cosmétiques et rafraîchissements","NK","Amazon","Gros électroménager",776,"N/A","N/A",8435183930417,"N/A","Mini réfrigérateurs",22,39.99,30,71,63,,2829.25,2520.7,159,4.4,"Amazon","N/A",2,466,"N/A","Standard Parcel",7.87,10.91,11.57,4.87,"N/A","N/A","08/01/2025",29,7,2,0.44
"https://amazon.fr/dp/B0FWJRMLB1","https://m.media-amazon.com/images/I/71cSle2fJXL._SX450_.jpg","B0FWJRMLB1","Haokoo Brosse Chauffante 38mm à 3 Fonctions– Lissage, Boucles Souples, Volume, 6 Réglages Température, Chauffage Rapide, Design Ionique Anti-Frisottis(Rose.)","Haokoo","FBA","Beauté et Parfum",1323,810187900693,"N/A",0810187900693,"N/A","Brosses électriques et soufflantes",7,82.99,-25,319,253,,11676.21,8040.55,82,5,"INTICO","Italy",2,0,"N/A","Small Parcel",3.19,3.46,13.3,0.95,"N/A","N/A","02/01/2026",3,8,9,3.89
"https://amazon.fr/dp/B079ZBGGCN","https://m.media-amazon.com/images/I/51lzvIIfzoL._SX450_.jpg","B079ZBGGCN","Oase FiltoSmart Thermo 100, Filtre extérieur pour Aquarium de 100 litres, pour l'eau Douce et l'eau de mer, Chauffage HeatUp 100 Inclus","Oase","Amazon","Animalerie",13786,"N/A",04010052426679,4010052426679,"N/A","Filtres",95,129.99,-6,16,16,,2028.13,2028.03,18,3.9,"Amazon","N/A",6,13,"N/A","Small Parcel",0.98,7.72,12.76,6.14,"N/A","N/A","02/01/2026",97,6,0,0.87
"https://amazon.fr/dp/B0DYPFCN2W","https://m.media-amazon.com/images/I/61VOB2ijSKL._SX450_.jpg","B0DYPFCN2W","Huslog Bouilloire Électrique Rétro 1,7L, 2200W, Thermomètre Intégré, Chauffage Rapide, Acier Inoxydable, Sans Fil avec Base 360°, Arrêt Automatique, Design Vintage, Argenté","huslog","Amazon","Cuisine et Maison",27827,"N/A","N/A",5902983630784,"N/A","Bouilloires électriques",104,20.99,-6,124,124,,2611.29,2609.88,105,4.2,"Amazon","N/A",4,0,"N/A","Standard Parcel",7.28,11.06,11.93,2.78,"N/A","N/A","02/01/2026",12,9,1,1.18
"https://amazon.fr/dp/B0FKSYKL82","https://m.media-amazon.com/images/I/918o-8tkuLL._SX450_.jpg","B0FKSYKL82","Cecotec Chauffage Céramique Mural ReadyWarm 3000 Textile. 2000W, 3 Modes, Oscillation, LED, Télécommande, Minuteur, Sécurité, Design Tissu Moderne, Couverture 20m², Chaleur Uniforme","Cecotec","FBM","Cuisine et Maison",53617,"N/A","N/A",8447420204618,"N/A","Radiateurs électriques",50,51.9,-14,35,35,,1825.92,1825.78,5,4.7,"Cecotec","Spain",5,0,"N/A","Small Parcel",0.39,0.39,0.39,2.2,"N/A","N/A","01/01/2026",5,8,0,7.04
"https://amazon.fr/dp/B0FZTMNY6L","https://m.media-amazon.com/images/I/61UFLZMe7bL._SX450_.jpg","B0FZTMNY6L","AraSyleon Brosse Lissante Ionique - Brosse Lissante - Brosse Chauffante Lissante avec Poils en Céramique & Chauffage Rapide - 16 Températures (80-230°C) - Double Tension","AraSyleon","Amazon","Beauté et Parfum",41374,"N/A","N/A",6978536972860,"N/A","Brosses électriques et soufflantes",204,35.18,-15,39,39,,1484.23,1484.09,14,4.2,"Amazon","N/A",2,0,"N/A","Standard Parcel",2.76,5.59,14.06,1.43,"N/A","N/A","02/01/2026",4,7,0,2.81
"https://amazon.fr/dp/B08F9Y5369","https://m.media-amazon.com/images/I/81iTCOtCLOL._SX450_.jpg","B08F9Y5369","Mi-Heat Panneau Chauffant bureau Infrarouge Pliable (260W) – Chauffage Sous Bureau Silencieux pour Télétravail – Radiateur d'Appoint pour Jambes et Pieds Électrique Gris","Mi-Heat","FBM","Cuisine et Maison",245592,"N/A","N/A","N/A","N/A","Radiateurs soufflants",129,65,3,21,21,13,1294.09,1293.91,384,4.3,"infrarot-fussboden-de","Germany",3,118,-17,"Standard Oversize",20.47,15.75,1.97,4.19,"N/A","N/A","01/01/2025",66,9,0,0.05
"https://amazon.fr/dp/B00FKX3DHE","https://m.media-amazon.com/images/I/314D-+pzsrL._SX450_.jpg","B00FKX3DHE","Vase d'expansion à membrane 18 litres – MB18 Gitral – tarage 1,5 bar – accessoire chauffage pour circuits fermés, absorption de dilatation thermique, installation fiable","GITRAL","FBM","Bricolage",9338,"N/A","N/A",3760208670050,"N/A","Accessoires",26,36,4,127,127,-12,4441.91,4441.61,386,4.5,"GREEN NEGOCE","France",8,1806,7,"Standard Oversize",13.58,10.63,10.63,7.52,"N/A","N/A","10/01/2025",145,8,0,0.33
"https://amazon.fr/dp/B0DFPY1NKT","https://m.media-amazon.com/images/I/71a4YiJig+L._SX450_.jpg","B0DFPY1NKT","Huslog Bouilloire Électrique Rétro 1,7L, 2200W, Thermomètre Intégré, Chauffage Rapide, Acier Inoxydable, Sans Fil avec Base 360°, Arrêt Automatique, Design Vintage, Noir","huslog","Amazon","Cuisine et Maison",39163,"N/A","N/A",5902983625360,"N/A","Bouilloires électriques",137,27.99,-12,101,101,125,2839.56,2838.42,98,4.5,"Amazon","N/A",4,0,"N/A","Standard Parcel",6.97,8.58,8.78,2.29,"N/A","N/A","02/01/2026",13,2,0,1.03
"https://amazon.fr/dp/B0D1GC749P","https://m.media-amazon.com/images/I/71mEIbolB-L._SX450_.jpg","B0D1GC749P","Chauffage Diesel 5 KW,Réchauffeur d'air Diesel 12 V avec écran LCD et Télécommande, Contrôle Thermostatique Intelligent, Adapté aux Fourgonnettes, Camping-Cars, Intérieur","Anveltech","FBA","Auto et Moto",40421,781840702582,"N/A",0781840702582,"N/A","Fours",6,79.99,-19,18,18,-35,1455.17,1454.83,42,3.8,"SUPER PLUS STORE FORZE LAURA","Romania",2,0,"N/A","Standard Oversize",8.82,17.83,17.95,19.44,"N/A","N/A","01/01/2026",6,7,0,0.43
"https://amazon.fr/dp/B0D8G3JT99","https://m.media-amazon.com/images/I/71qd+M93k0L._SX450_.jpg","B0D8G3JT99","VINATO Defroisseur Vapeur, Defroisseur 1300 Watts, Fer Vertical et Horizontal, Chauffage Rapide, élimination Rapide des Plis, Idéal pour les Voyages et la Maison","VINATO","Amazon","Cuisine et Maison",27211,"N/A","N/A",6977457220043,"N/A","Défroisseurs vapeur verticaux",24,28.99,-10,156,134,,4220.83,3583.13,177,4.1,"Amazon","N/A",2,0,"N/A","Small Parcel",4.65,6.5,7.76,1.94,"N/A","N/A","02/01/2026",21,7,2,0.88
"https://amazon.fr/dp/B07K6LQM9K","https://m.media-amazon.com/images/I/81OOCSgaBOL._SX450_.jpg","B07K6LQM9K","QUICK STAR Ensemble de Protection Contre Les intempéries Mur Avant et arrière PVC Noir pour Support de Bois de Chauffage XXL 185x70x185 cm","QUICK STAR","FBA","Jardin",20585,"N/A","N/A",4061869474735,"N/A","Foyers et braséros",40,64.99,-6,21,21,-17,1381.48,1381.13,337,4.4,"Quick-Star GmbH","Germany",2,309,-23,"Standard Parcel",2.6,12.28,15.59,5.18,"N/A","N/A","09/01/2024",88,9,0,0.06
"https://amazon.fr/dp/B0DHZQ2XFK","https://m.media-amazon.com/images/I/71Bg35hokDL._SX450_.jpg","B0DHZQ2XFK","COTGCO Machine à Cafe Portable pour Voyage: Machine Expresso Portable pour Voiture et Camping - Chauffage Rapide - Café à Tout Moment - Compatibilité NS Capsules - Gris","COTGCO","FBA","Cuisine et Maison",37972,"N/A","N/A",6976712941723,"N/A","Machines à café 1 tasse",41,85.49,-9,46,34,-53,4310.78,3106.31,344,4,"COTGCO CAFE","China",2,589,"N/A","Small Parcel",3.98,4.09,11.06,2.8,"N/A","N/A","12/01/2024",18,7,4,0.13
"https://amazon.fr/dp/B08J7LW7RB","https://m.media-amazon.com/images/I/610OdmiAHLL._SX450_.jpg","B08J7LW7RB","alpina Radiateur Bain d'huile – Chauffage Huile Électrique 850W avec Thermostat Réglable – Protection Contre la Surchauffe – Radiateur Compact avec Poignée et Large Base – 7 Ailette","alpina","Amazon","Cuisine et Maison",24968,"N/A",08711252173993,8711252173993,"N/A","Radiateurs électriques",24,37.99,-17,112,112,-70,4241.47,4241.32,58,4.1,"Amazon","N/A",2,576,"N/A","Standard Oversize",5.43,13.7,16.69,8.27,"N/A","N/A","12/01/2025",72,8,0,1.93
"https://amazon.fr/dp/B0BTD8C7NK","https://m.media-amazon.com/images/I/41xFhFQjHfL._SX450_.jpg","B0BTD8C7NK","DREXON – Sèche-Serviettes Soufflant Électrique 2000 W – Double Barre Porte-Serviettes Indépendante – Chauffage Rapide – Thermostat Électronique – Minuterie 24h – IP24 – Salle de Bain - Modèle TEXAS","Drexon","FBM","Cuisine et Maison",45807,"N/A","N/A",3760382757677,"N/A","Sèche-serviettes",17,73.4,-24,27,27,-4,1762.44,1762.26,29,3.9,"Bricodiscount","France",2,192,61,"Standard Parcel",6.1,12.87,16.38,6.48,"N/A","N/A","03/01/2025",38,4,0,0.94
"https://amazon.fr/dp/B0DKXML64N","https://m.media-amazon.com/images/I/61EQKvBQDzL._SX450_.jpg","B0DKXML64N","GARDENFLARE Brasero Exterieur de Jardin – Cheminée Noir, Flamme jusqu'à 1m, Poêle à Pellets Granulés, Chauffage Foyer Extérieur Élégant pour Terrasse, Montage Rapide, lumière innovante","GARDENFLARE","FBA","Jardin",9223,"N/A","N/A",4262479840013,"N/A","Foyers et braséros",9,159.99,-12,30,19,-117,4707.31,3092.96,422,3.8,"Sund Digital","Germany",2,848,"N/A","Standard Oversize",4.72,13.78,41.73,19.07,"N/A","N/A","12/01/2025",15,6,3,0.07
"https://amazon.fr/dp/B0DCK2ZMZ2","https://m.media-amazon.com/images/I/719+W7TfKbL._SX450_.jpg","B0DCK2ZMZ2","Gilet Chauffant Avec Batterie Incluse, Veste Chauffante Homme, Électrique USB Vêtement de Chauffage avec 13 Zones de Chauffé 3 Températures Réglables Gilet(Noir,L)","Cubovie","FBA","Mode",23129,713317182122,"N/A",0713317182122,"N/A","Gilets",10,49.99,-30,125,49,-88,6691.93,2542.77,59,4.1,"Cubovie EU","China",5,0,"N/A","Standard Parcel",4.09,12.48,16.77,1.68,"N/A","N/A","12/01/2025",19,7,6,2.12
"https://amazon.fr/dp/B00680U1DW","https://m.media-amazon.com/images/I/81aMgtfUIFL._SX450_.jpg","B00680U1DW","DREXON – Chauffage Infrarouge Mural 1200 W – Réglette Halogène Électrique – Chaleur Immédiate & Silencieuse – 2 Puissances 600/1200 W – IP24 Salle de Bain – Fixations Murales Incluses","Tec Hit","Amazon","Bricolage",42700,"N/A",03349357042002,3349357042002,"N/A","Radiateurs",21,52.7,3,54,54,47,2204.03,2203.42,364,4.3,"Amazon","N/A",2,243,42,"Standard Oversize",5.43,7.09,22.83,4.19,"N/A","N/A","02/01/2026",147,2,0,0.15
"https://amazon.fr/dp/B07XM6KJJD","https://m.media-amazon.com/images/I/51zKXEIJDbL._SX450_.jpg","B07XM6KJJD","Cecotec Sèche-Serviettes Électrique avec Radiateur Ready Warm 9780 Ceramic Towel Chauffage céramique incorporé, 2000 W, Écran LED, Télécommande, Minuterie, Température Ajustable, Gris foncé","Cecotec","FBM","Cuisine et Maison",80547,"N/A",08435484053549,8435484053549,"N/A","Sèche-serviettes",29,149,75,66,66,226,9897.09,9896.92,322,4.1,"Cecotec","Spain",6,463,"N/A","Large Oversize",41.73,7.09,23.82,16.4,"N/A","N/A","10/01/2025",78,5,0,0.21
"https://amazon.fr/dp/B082KMXG6K","https://m.media-amazon.com/images/I/614UpmbfdmL._SX450_.jpg","B082KMXG6K","Somfy 1870508 - Vanne thermostatique connectée io, Thermostat connecté pour commander chaque radiateur à eau chaude, Compatible radiateurs hydrauliques et chauffage collectif ou individuel, Silencieux","somfy","FBM","Bricolage",126728,"N/A",03660849579500,3660849579500,"N/A","Programmable",171,104.71,3,23,23,-35,2089.81,2089.64,249,3.2,"x-kom","Germany",6,0,"N/A","Small Parcel",2.52,5.43,5.59,0.73,"N/A","N/A","11/01/2025",75,6,2,0.09
"https://amazon.fr/dp/B0DHS84QN3","https://m.media-amazon.com/images/I/616AW54-i0L._SX450_.jpg","B0DHS84QN3","ICARE Ventilateur poêle à bois, ventilateur cheminée pour poêle à bois, 2 en 1 silencieux fireplace fan sans électricité,de chauffage, pièce de rechange.","ICARE","Amazon","Bricolage",12388,"N/A","N/A","N/A","N/A","Ventilateurs pour cuisinières",7,35.62,-21,214,175,-18,7465.59,6113.11,153,3.8,"Amazon","N/A",2,0,"N/A","Standard Parcel",6.26,7.2,9.76,1.92,"N/A","N/A","01/01/2026",18,9,2,1.4
"https://amazon.fr/dp/B0FRNPS8YH","https://m.media-amazon.com/images/I/817ReQQHHxL._SX450_.jpg","B0FRNPS8YH","TRESKO® Cheminée électrique 2000W, Maison Intelligente WiFi app & télécommande | Poêle électrique Effet Flamme LED & écran LCD | Foyer électrique avec Thermostat | Chauffage soufflant minuterie","TRESKO","FBM","Bricolage",30342,"N/A","N/A",4262498581492,"N/A","Cheminées électriques",9,94.8,2,29,10,-114,3184.42,1110.45,157,4.5,"DWD-Company","Germany",2,0,"N/A","Standard Oversize",26.38,18.5,13.78,24.25,"N/A","N/A","11/01/2025",6,7,3,0.18
"https://amazon.fr/dp/B0FRNLK2DG","https://m.media-amazon.com/images/I/81jNa7rZCeL._SX450_.jpg","B0FRNLK2DG","TRESKO® Cheminée électrique 2000W, Maison Intelligente WiFi app & télécommande | Poêle électrique Effet Flamme LED & écran LCD | Foyer électrique avec Thermostat | Chauffage soufflant minuterie","TRESKO","FBM","Bricolage",30342,"N/A","N/A",4262498581508,"N/A","Cheminées électriques",9,94.8,-2,29,11,-114,3184.42,1213.62,153,4.5,"DWD-Company","Germany",2,0,"N/A","Standard Oversize",26.38,18.5,13.78,24.25,"N/A","N/A","11/01/2025",6,7,3,0.19
"https://amazon.fr/dp/B0CD41ZQ2L","https://m.media-amazon.com/images/I/71IxbXbftjL._SX450_.jpg","B0CD41ZQ2L","VIKICON Lisseur Barbe Homme, Mini Lisseur de Cheveux à Ions Négatifs, 3 Températures Réglables, Portable, Chauffage Rapide, Convient pour la Barbe et la Coiffure","VIKICON","FBA","Beauté et Parfum",6141,"N/A","N/A","N/A","N/A","Fers à lisser",58,32.99,11,255,255,-45,8424.59,8424.44,436,4.1,"jgsfdgsdf","China",2,2717,"N/A","Extra Large Envelope",1.69,2.64,10.63,0.53,"N/A","N/A","12/01/2024",32,7,1,0.59
"https://amazon.fr/dp/B09MPQWYXV","https://m.media-amazon.com/images/I/614cTWHH+9L._SX450_.jpg","B09MPQWYXV","Perel Chauffage convecteur intelligent 2000W, 3 niveaux de chaleur, thermostat, IP20, protection surchauffe, portable avec télécommande et Tuya app, pour pièces jusqu’à 60 m³","Perel","FBM","Cuisine et Maison",16694,"N/A","N/A",5410329726843,"N/A","Appareils de chauffage électriques",6,69.95,-6,66,66,29,4648.29,4647.47,47,4.1,"VGBrandShop","Belgium",7,365,1928,"Standard Oversize",5.67,14.72,18.9,8.29,"N/A","N/A","01/01/2026",47,7,0,1.41
"https://amazon.fr/dp/B088LGYS1N","https://m.media-amazon.com/images/I/51iCGdMY6fL._SX450_.jpg","B088LGYS1N","Noirot - Module Intuis Connect pour Radiateur Électrique - Chauffage Connecté - Contrôle par la Voix et Smartphone - Suivi de Consommation en Temps Réel - Facile à Utiliser - Anthracite","NOIROT","FBA","Cuisine et Maison",63974,"N/A","N/A",3465700042748,"N/A","Pièces et accessoires pour radiateur",37,49.9,"N/A",39,39,,2100.8,2100.59,5,3.2,"adrxmarkets","France",3,51,113,"Extra Large Envelope",3.94,6.69,1.97,0.66,"N/A","N/A","02/01/2026",70,1,0,7.81
"https://amazon.fr/dp/B0874T8XF1","https://m.media-amazon.com/images/I/71xMej+OIKL._SX450_.jpg","B0874T8XF1","VEVOR Nettoyeur à Ultrasons 15L Machine à laver à Ultrasons Professionnel en Acier Inoxydable Multifonction avec Minuterie Numérique de Chauffage pour Lunettes Montres Bijoux Laboratoire","VEVOR","Amazon","Commerce, Industrie et Science",3528,197988082231,"N/A",0197988082231,"N/A","Fournitures pour le nettoyage du laboratoire",17,121.9,-33,77,77,-64,9326.31,9326,409,4.5,"Amazon","N/A",3,1440,"N/A","Standard Oversize",12.99,15.35,16.93,20.06,"N/A","N/A","01/01/2026",70,8,3,0.19
"https://amazon.fr/dp/B0FJ2LR8YC","https://m.media-amazon.com/images/I/719+W7TfKbL._SX450_.jpg","B0FJ2LR8YC","Cubovie Gilet Chauffant Avec Batterie Incluse, Veste Chauffante Homme, Électrique USB Vêtement de Chauffage avec 13 Zones de Chauffé 3 Températures Réglables Gilet(Noir,M)","Cubovie","FBM","Mode",23133,742491843505,"N/A",0742491843505,"N/A","Gilets",10,48,-19,125,27,-88,6691.93,1454.46,59,4.1,"SunRera   Monstery","China",4,0,"N/A","Standard Parcel",3.46,13.3,17.01,1.61,"N/A","N/A","12/01/2025",8,7,6,2.12
"https://amazon.fr/dp/B0B6FR1L13","https://m.media-amazon.com/images/I/61Sd5bIRj-L._SX450_.jpg","B0B6FR1L13","Fer à Friser Petites boucles, Fer à Boucler Ultra-fin 9mm en Céramique, 180/230°C, Revêtement Céramique Chauffage Rapide, Petites boucles/Cheveux Bouclés Afro","JAETON","FBA","Beauté et Parfum",11650,"N/A","N/A","N/A","N/A","Fers à boucler",44,24.99,659,87,87,,2171.64,2170.65,24,4,"Jaeton","China",2,0,"N/A","Standard Parcel",2.05,3.31,15.79,0.82,"N/A","N/A","02/01/2026",44,6,0,3.62
"https://amazon.fr/dp/B0FJ2BDGP1","https://m.media-amazon.com/images/I/719+W7TfKbL._SX450_.jpg","B0FJ2BDGP1","Cubovie Gilet Chauffant Avec Batterie Incluse, Veste Chauffante Homme, Électrique USB Vêtement de Chauffage avec 13 Zones de Chauffé 3 Températures Réglables Gilet(Noir,XL)","Cubovie","FBM","Mode",23132,742491843512,"N/A",0742491843512,"N/A","Gilets",10,55.3,-30,125,36,-88,6691.93,1858.65,59,4.1,"XDQYPD","China",2,0,"N/A","Standard Parcel",1.18,11.81,15.75,1.85,"N/A","N/A","12/01/2025",8,7,6,2.12
"https://amazon.fr/dp/B07YSLXLH1","https://m.media-amazon.com/images/I/51syLXGKFJL._SX450_.jpg","B07YSLXLH1","Noirot - Module Intuis Connect pour Radiateur Électrique - Chauffage Connecté - Contrôle par la Voix et Smartphone - Suivi de Consommation en Temps Réel - Facile à Utiliser - Blanc","Muller Intuitiv","FBA","Bricolage",88403,"N/A","N/A",3465700042694,"N/A","Radiateurs",62,74.9,-8,19,19,,1463.73,1463.59,14,3.4,"adrxmarkets","France",5,37,"N/A","Extra Large Envelope",2.09,4.17,6.77,0.51,"N/A","N/A","10/01/2024",77,1,0,1.36
"https://amazon.fr/dp/B0FF1X39X1","https://m.media-amazon.com/images/I/71d0k6hKE3L._SX450_.jpg","B0FF1X39X1","PEKWZIZ Gants Chauffants, 5V 6000mAh Électrique Rechargeable Gant Chauffant pour Homme Femme, 3 Niveaux De Chauffage Gants d'hiver Imperméables Écran Tactile pour Sports - Moto, Vélo","PEKWZIZ","FBA","Sports et Loisirs",10362,768924851053,"N/A",0768924851053,"N/A","Chauffe-mains rechargeables",40,59.99,-13,332,132,-49,19430.5,7632.61,416,3.8,"Yanzhe uk","United Kingdom of Great Britain and Northern Ireland",2,0,"N/A","Small Parcel",2.95,5.16,11.93,1.43,"N/A","N/A","12/01/2025",9,8,7,0.8
"https://amazon.fr/dp/B0DWJPW2B2","https://m.media-amazon.com/images/I/71+dUGiL6GL._SX450_.jpg","B0DWJPW2B2","Ensemble de massage aux pierres chaudes, ensemble de massage en basalte avec boîte de chauffage portable, poêle à pierres chaudes à domicile, massothérapie, spa (9)","GJCrafts","FBA","Hygiène et Santé",8347,"N/A","N/A","N/A","N/A","Masseurs pour le dos",13,42.99,34,118,38,288,5816.51,1615.17,24,4.4,"LOITS LIMITED","United Kingdom of Great Britain and Northern Ireland",2,0,"N/A","Standard Parcel",2.52,10.12,10.2,4.01,"N/A","N/A","02/01/2026",9,8,4,4.93
"https://amazon.fr/dp/B0CGJF1LSX","https://m.media-amazon.com/images/I/61VujzdEJ2L._SX450_.jpg","B0CGJF1LSX","Honeywell Home - HR27 - Vanne de Thermostat de Radiateur Intelligent HR 27 ECO ETRV Vanne de Radiateur Thermostatique Programmable-Contrôleur de Chauffage Central Intelligent Numérique Blanc","Honeywell Home","Amazon","Bricolage",71173,"N/A","N/A",5059085003173,"N/A","Accessoires",363,26.92,-55,38,38,-1,1017.72,1017.56,223,3.5,"Amazon","N/A",2,357,"N/A","Small Parcel",2.52,3.03,5.87,0.55,"N/A","N/A","11/01/2025",30,7,1,0.17
"https://amazon.fr/dp/B0FF25ZJG5","https://m.media-amazon.com/images/I/71d0k6hKE3L._SX450_.jpg","B0FF25ZJG5","PEKWZIZ Gants Chauffants, 5V 6000mAh Électrique Rechargeable Gant Chauffant pour Homme Femme, 3 Niveaux De Chauffage Gants d'hiver Imperméables Écran Tactile pour Sports - Moto, Vélo","PEKWZIZ","FBA","Sports et Loisirs",10362,768924851046,"N/A",0768924851046,"N/A","Chauffe-mains rechargeables",40,69.99,20,332,87,-49,19430.5,5334.04,416,3.8,"oumur-zr","China",2,0,"N/A","Small Parcel",2.95,5.2,11.81,1.39,"N/A","N/A","12/01/2025",9,8,7,0.8
"https://amazon.fr/dp/B0DCYPLVP5","https://m.media-amazon.com/images/I/6118ozw7mGL._SX450_.jpg","B0DCYPLVP5","VEVOR Chauffage extérieur terrasse, 3000 W, radiateur infrarouge électrique avec télécommande, 9 vitesses, minuterie, protection IP65, support mural, pour porche, patio, salle à manger, studio, jardin","VEVOR","Amazon","Jardin",71394,197988554936,"N/A",0197988554936,"N/A","Appareils de chauffage extérieur",92,77.59,"N/A",17,17,1080,1583.33,1583.1,10,3.8,"Amazon","N/A",3,44,"N/A","Standard Oversize",42.13,6.69,6.89,7.72,"N/A","N/A","10/01/2024",19,9,0,1.74
"https://amazon.fr/dp/B0G2S2Z5RS","https://m.media-amazon.com/images/I/31oZ0vcpXkL._SX450_.jpg","B0G2S2Z5RS","BATILEC - Radiateur à inertie ALU ZILO WiFi 1000 W - Chauffage électrique connecté Tuya, IP24, thermostat précis, 4 modes de chauffe, fil pilote 6 ordres, sécurité enfant","BATILEC","FBA","Cuisine et Maison",103072,"N/A","N/A",3662366049986,"N/A","Radiateurs électriques",99,159,112,12,12,,1891.68,1891.55,3,4.6,"Konexion","France",2,0,"N/A","Standard Oversize",19.49,4.72,26.57,21.61,"N/A","N/A","02/01/2026",5,6,0,3.96
"https://amazon.fr/dp/B0D5CHSBMZ","https://m.media-amazon.com/images/I/61Bs3f1acoL._SX450_.jpg","B0D5CHSBMZ","Creality Space PI Séchoir à Filament pour imprimante 3D, avec Ventilateur intégré, écran Tactile de 3,7"", Chauffage PTC à 360 °C, Support de Stockage de Filament","sainsmart","FBA","Commerce, Industrie et Science",14403,816550029978,"N/A",0816550029978,"N/A","Accessoires pour imprimante 3D",372,69.99,3,17,17,-105,1203.89,1203.57,41,4.4,"Tech Maker","USA",2,137,"N/A","Standard Parcel",5.12,12.01,12.36,3.79,"N/A","N/A","11/01/2025",20,7,0,0.42
"https://amazon.fr/dp/B0874VXHMG","https://m.media-amazon.com/images/I/71BQeHyb4rL._SX450_.jpg","B0874VXHMG","VEVOR Nettoyeur à Ultrasons 1,3 L Machine de nettoyage à ultrasons en acier inoxydable, minuterie de chauffage numérique, nettoyage de bijoux pour usage domestique personnel commercial","VEVOR","Amazon","Commerce, Industrie et Science",1756,197988073444,"N/A",0197988073444,"N/A","Fournitures pour le nettoyage du laboratoire",12,36.55,-14,60,60,413,2346.29,2345.7,151,4.1,"Amazon","N/A",3,377,"N/A","Standard Parcel",8.43,8.94,9.72,4.81,"N/A","N/A","11/01/2024",71,9,1,0.4
"https://amazon.fr/dp/B0FQJXD8LN","https://m.media-amazon.com/images/I/51gTZSG1B1L._SX450_.jpg","B0FQJXD8LN","Cecotec Chauffage Céramique Mural avec Écran LED et Télécommande Ready Warm 5310 PowerBox Ceramic. 2000W, 3 Modes, Minuterie 24h, Oscillation, IP23, Kit de Montage, Couverture 20m²","Cecotec","Amazon","Cuisine et Maison",25752,"N/A","N/A",8447420193035,"N/A","Accessoires pour le repassage",221,61.9,19,76,76,,4716.95,4716.81,47,4,"Amazon","N/A",5,0,"N/A","Standard Oversize",6.38,9.09,22.56,7.65,"N/A","N/A","01/01/2026",6,7,0,1.62
"https://amazon.fr/dp/B0BNQTL2VZ","https://m.media-amazon.com/images/I/61KUDoWaFJL._SX450_.jpg","B0BNQTL2VZ","Le Bouscatier Bois d'allumage et Chauffage Allume feu pour cheminée poêle Four Pizza cuisinières Barbecue Charbon et brasero. 6 kg / 20L Bois séché hêtre chêne Fabrication française","Le Bouscatier","FBA","Bricolage",2161,"N/A",03770027612018,3770027612018,"N/A","Combustibles",5,34.9,-68,54,65,,1936.87,2270.56,234,4.4,"Boutique Le Bouscatier","France",3,0,"N/A","Standard Oversize",9.37,9.41,17.8,12.83,"N/A","N/A","02/01/2026",39,9,3,0.23
"https://amazon.fr/dp/B0DK8VHXWT","https://m.media-amazon.com/images/I/71XoI4X2nxL._SX450_.jpg","B0DK8VHXWT","VEVOR Nettoyeur à Ultrasons Numérique 15 L, Bac Ultrasons avec Minuterie, Chauffage et Panier, Appareil de Nettoyage Ultrasonique Professionnel 360 W, pour Bijoux Lunettes Montres, Labo Clinique","VEVOR","Amazon","Commerce, Industrie et Science",839,197988768975,"N/A",0197988768975,"N/A","Fournitures pour le nettoyage du laboratoire",8,112.9,-29,240,27,-42,18663.86,3076.55,417,4.2,"Amazon","N/A",2,1328,"N/A","Standard Oversize",12.8,15.16,16.93,18.87,"N/A","N/A","12/01/2025",17,9,7,0.58
"https://amazon.fr/dp/B0D4B294D6","https://m.media-amazon.com/images/I/41Lojxi5RvL._SX450_.jpg","B0D4B294D6","LOKLiK Mini Presse à Chaud – Presse à Chaleur Portable pour Vinyle Thermocollant (HTV), Sublimation et Projets de Transfert – 3 Modes de Température – Chauffage Rapide et Uniforme - Bleu","LOKLIK","FBM","Cuisine et Maison",2127,"N/A","N/A",6976230000131,"N/A","Presses à imprimer",1,26.99,-40,450,114,,12141.65,3081.73,39,4.8,"Distribold EU","Belgium",4,884,"N/A","Small Parcel",3.39,5.04,9.17,1.54,"N/A","N/A","02/01/2026",12,8,3,13.23
"https://amazon.fr/dp/B0D49VNZ9M","https://m.media-amazon.com/images/I/716QrPW7ujL._SX450_.jpg","B0D49VNZ9M","LOKLiK Mini Presse à Chaud – Presse à Chaleur Portable pour Vinyle Thermocollant (HTV), Sublimation et Projets de Transfert – 3 Modes de Température – Chauffage Rapide et Uniforme - Rose","LOKLIK","FBM","Cuisine et Maison",2127,"N/A","N/A",6976230000179,"N/A","Presses à imprimer",1,26.99,-41,450,154,,12141.65,4168.03,39,4.8,"Distribold EU","Belgium",3,884,"N/A","Small Parcel",3.43,5.08,8.94,1.55,"N/A","N/A","02/01/2026",6,8,3,11.54
"https://amazon.fr/dp/B0DK8VSX5D","https://m.media-amazon.com/images/I/71mgFzsTXzL._SX450_.jpg","B0DK8VSX5D","VEVOR Nettoyeur à Ultrasons Numérique 22 L, Bac Ultrasons avec Minuterie, Chauffage et Panier, Appareil de Nettoyage Ultrasonique Professionnel 480 W, pour Bijoux Lunettes Montres, Labo Clinique","VEVOR","Amazon","Commerce, Industrie et Science",839,197988766315,"N/A",0197988766315,"N/A","Fournitures pour le nettoyage du laboratoire",8,190.3,-6,240,6,-42,18663.86,1080.56,417,4.2,"Amazon","N/A",2,1328,"N/A","Standard Oversize",25,15.94,13.39,25.57,"N/A","N/A","12/01/2025",17,9,7,0.58
"https://amazon.fr/dp/B0F1P1VMJ5","https://m.media-amazon.com/images/I/71QZAJ24GdL._SX450_.jpg","B0F1P1VMJ5","Nuvita 1180 Lattespresso - Préparateur Instantané de Lait en Poudre, Dosage, Chauffage et Mélange Précis, 4 Températures Sélectionnables, Compatible avec la plupart des Marques de Lait en Poudre","Nuvita","Amazon","Bébé et Puériculture",7069,"N/A","N/A",5350555039877,"N/A","Chauffe-biberons",60,175.34,-10,38,38,284,7339.37,7339.1,66,3.4,"Amazon","N/A",2,0,"N/A","Standard Oversize",10.87,11.54,17.36,8.51,"N/A","N/A","02/01/2026",12,6,0,0.58
"https://amazon.fr/dp/B071Z1W1W9","https://m.media-amazon.com/images/I/71v0q1Bii7L._SX450_.jpg","B071Z1W1W9","VEVOR Nettoyeur A Ultrasons 6L,Ultrasonic Cleaner Professionnel 180W 220V,Nettoyeur Digital Affichage Ultrasonique chauffage à 80 Degrés pour les bijoux,les lab,les équipements dentaires, industriels","VEVOR","Amazon","Commerce, Industrie et Science",1755,601285887814,"N/A",0601285887814,"N/A","Fournitures pour le nettoyage du laboratoire",11,81.9,-43,145,145,144,11656.38,11656.25,146,4.3,"Amazon","N/A",2,965,"N/A","Standard Oversize",11.22,14.76,16.77,12.5,"N/A","N/A","01/01/2026",106,9,1,0.99
"https://amazon.fr/dp/B0DK8W5ZKC","https://m.media-amazon.com/images/I/71QU-ZjZAgL._SX450_.jpg","B0DK8W5ZKC","VEVOR Nettoyeur à Ultrasons Numérique 15 L, Bac Ultrasons 360 W, Appareil de Nettoyage Ultrasonique Professionnel avec Minuterie, Chauffage et Panier, pour Montres, Lunettes, Bijoux, Labo Clinique","VEVOR","Amazon","Commerce, Industrie et Science",39989,197988768616,"N/A",0197988768616,"N/A","Fournitures pour le nettoyage du laboratoire",90,121.9,-18,11,11,-78,1307.3,1307.14,24,4.5,"Amazon","N/A",2,136,"N/A","Standard Oversize",12.68,14.72,16.3,20.28,"N/A","N/A","02/01/2025",17,8,0,0.45
"https://amazon.fr/dp/B0DK8X57FY","https://m.media-amazon.com/images/I/61s8ij22M3L._SX450_.jpg","B0DK8X57FY","VEVOR Nettoyeur à Ultrasons Numérique 10 L, Bac Ultrasons 240 W, Appareil de Nettoyage Ultrasonique Professionnel avec Minuterie, Chauffage et Panier, pour Pièces Automobiles, Bijoux, Lunettes, Labo","VEVOR","Amazon","Commerce, Industrie et Science",839,197988767886,"N/A",0197988767886,"N/A","Fournitures pour le nettoyage du laboratoire",8,99.9,-28,240,42,-42,18663.86,4190.3,417,4.2,"Amazon","N/A",2,1328,"N/A","Standard Oversize",16.54,14.96,14.37,14.35,"N/A","N/A","12/01/2025",16,9,7,0.58
"https://amazon.fr/dp/B0DK8T5TXS","https://m.media-amazon.com/images/I/71NHGv6c3ZL._SX450_.jpg","B0DK8T5TXS","VEVOR Nettoyeur à Ultrasons Numérique 3 L, Bac Ultrasons avec Minuterie, Chauffage et Panier, Appareil de Nettoyage Ultrasonique Professionnel 120 W, pour Bijoux Lunettes Montres, Labo Clinique","VEVOR","Amazon","Commerce, Industrie et Science",839,197988770404,"N/A",0197988770404,"N/A","Fournitures pour le nettoyage du laboratoire",8,56.9,"N/A",240,77,-42,18663.86,4404.31,417,4.2,"Amazon","N/A",2,1328,"N/A","Standard Parcel",8.39,11.14,11.89,7.83,"N/A","N/A","12/01/2025",17,9,7,0.58
"https://amazon.fr/dp/B0CZ41K6XC","https://m.media-amazon.com/images/I/71mxmGEWBBL._SX450_.jpg","B0CZ41K6XC","VEVOR Nettoyeur à Ultrasons Professionnel 6 L, Bac Ultrasons avec Chauffage, Minuterie et Bouton de Commande, Appareil de Nettoyage Ultrasonique en Acier Inoxydable, pour Bijoux Lunettes Montres","VEVOR","Amazon","Commerce, Industrie et Science",2248,197988569565,"N/A",0197988569565,"N/A","Fournitures pour le nettoyage du laboratoire",13,80.9,-30,75,28,,9141.82,2231.57,374,4.3,"Amazon","N/A",2,113,"N/A","Standard Parcel",15.35,9.06,12.99,11.24,"N/A","N/A","02/01/2026",20,9,5,0.2
"https://amazon.fr/dp/B0DK8SZRM4","https://m.media-amazon.com/images/I/71YmRYJM46L._SX450_.jpg","B0DK8SZRM4","VEVOR Nettoyeur à Ultrasons Numérique 2 L, Bac Ultrasons avec Minuterie, Chauffage et Panier, Appareil de Nettoyage Ultrasonique Professionnel 60 W, pour Bijoux Lunettes Montres, Labo Clinique","VEVOR","Amazon","Commerce, Industrie et Science",839,197988766797,"N/A",0197988766797,"N/A","Fournitures pour le nettoyage du laboratoire",8,43.9,-19,240,51,-42,18663.86,2220.93,417,4.2,"Amazon","N/A",2,1328,"N/A","Standard Parcel",9.21,12.4,16.57,6.04,"N/A","N/A","12/01/2025",17,9,7,0.58
"https://amazon.fr/dp/B0DL5SYVJ8","https://m.media-amazon.com/images/I/71D49+E2u4L._SX450_.jpg","B0DL5SYVJ8","Carehabi Chauffe biberon Baby pour 2 Biberons, Blanc – Chauffe biberon 4-en-1 avec Stérilisateur et Régulation de Température, Réchauffeur d’Aliments pour Bébé pour Chauffage et Décongélation","Carehabi","FBA","Bébé et Puériculture",6790,639393743432,"N/A",0639393743432,"N/A","Chauffe-biberons",59,31.99,-17,31,31,1544,1075.52,1075.25,66,3.8,"FenleyLand","China",2,0,"N/A","Standard Parcel",5.39,6.65,8.11,2.12,"N/A","N/A","11/01/2025",15,7,0,0.47
"https://amazon.fr/dp/B0FVY9YFJ6","https://m.media-amazon.com/images/I/61eX8I0DNOL._SX450_.jpg","B0FVY9YFJ6","Shark TurboBlade Cool + Heat 2-en-1 Chauffage et ventilateur colonne sans pale, Telecomande, Multidirectionnel jusqu’à 20 mètres, 10 vitesses, Puissance 220W, Minuteur, Facile à nettoyer TH200EU","Shark","Amazon","Cuisine et Maison",126213,622356323758,"N/A",0622356323758,"N/A","Radiateurs soufflants",99,199.99,-48,28,23,,5915.25,4752.74,336,4.4,"Amazon","N/A",7,0,"N/A","Standard Oversize",12.01,17.91,25.43,26.5,"N/A","N/A","01/01/2026",5,14,3,0.08
"https://amazon.fr/dp/B0FGPRTXH3","https://m.media-amazon.com/images/I/71LBPlDDIFL._SX450_.jpg","B0FGPRTXH3","Coussin Chauffant Dos Électrique Épaules Nuque Lombaires, 6 Niveaux de Température, Minuterie d'arrêt Automatique à 3 Heures, Chauffage rapide, Chauffe-dos, Lavable en Machine, 80 × 88 CM","Kdti","FBA","Hygiène et Santé",16850,"N/A","N/A","N/A","N/A","Blocs chauffants",36,32.99,-1,61,61,,2003.28,2003.12,155,4.3,"Omysun","China",2,0,"N/A","Small Parcel",3.82,9.84,10.08,2.27,"N/A","N/A","12/01/2025",8,9,2,0.39
"https://amazon.fr/dp/B0CGD87P65","https://m.media-amazon.com/images/I/817o2IakkSL._SX450_.jpg","B0CGD87P65","GOTOBI Gilet Chauffant Femme avec Batterie de 16000mAh - Gilet Chauffant avec 9 Zones de Chauffage et 3 Températures Réglables, Veste Chauffant pour Activités de Plein Air Randonnée Ski","GOTOBI","FBA","Mode",13535,"N/A","N/A","N/A","N/A","Gilets",12,84.99,-6,136,36,-38,11314.81,2970.33,244,4.5,"GOTOBI","China",2,0,"N/A","Standard Parcel",4.41,10.28,13.62,2.05,"N/A","N/A","01/01/2026",31,6,22,0.56
"https://amazon.fr/dp/B0DKC85RYT","https://m.media-amazon.com/images/I/61sCG5-CobL._SX450_.jpg","B0DKC85RYT","De'Longhi RadiaS Easytronic TRRS1225, Radiateur à Huile, Radiateur Électrique Économe en Énergie avec 12 Ailettes pour Des Pièces Jusqu'à 75m³, 3 Zones Chauffage, Thermostat de Sécurité, Antigel, Gris","De'Longhi","FBM","Cuisine et Maison",214247,"N/A",08004399029675,8004399029675,"N/A","Radiateurs électriques",187,156.14,8,12,12,-102,1915.98,1915.79,51,4.5,"Super10count","France",5,561,"N/A","Large Oversize",24.41,6.77,28.15,35.27,"N/A","N/A","11/01/2025",17,9,0,0.24
"https://amazon.fr/dp/B0FY4WFWSR","https://m.media-amazon.com/images/I/81-jINsfzML._SX450_.jpg","B0FY4WFWSR","VCKHRRY Coussin Chauffant dos Electrique Epaule et Nuque 60×100cm, 9 Niveaux de Chaleur, 4 RéGlages de Minuterie d'arrêt Automatique, Chauffage Rapide, Chauffe-dos, Flanelle, Lavable en Machine","VCKHRRY","FBA","Hygiène et Santé",7996,"N/A","N/A",6978545731588,"N/A","Blocs chauffants",20,29.99,-20,90,90,,2704.88,2703.88,19,4.8,"WANGZHONGDONG LIMITED","United Kingdom of Great Britain and Northern Ireland",3,0,"N/A","Small Parcel",4.72,8.78,11.14,2.31,"N/A","N/A","02/01/2026",5,9,0,4.75
"https://amazon.fr/dp/B00B5RDGGW","https://m.media-amazon.com/images/I/710dKAjGB0L._SX450_.jpg","B00B5RDGGW","SOMATHERM FOR YOU, Vase d'expansion 8L cylindrique suspendu pour chauffage central, pré-gonflé à 1,5 bar, pression max 4 bars, température -10° à +100°C, finition rouge RAL3000","SOMATHERM FOR YOU","Amazon","Bricolage",36343,"N/A","N/A",3540730250087,"N/A","Accessoires",142,26.9,-7,55,55,-31,1481.01,1480.31,207,4.4,"Amazon","N/A",3,430,489,"Standard Parcel",8.7,8.86,13.74,4.39,"N/A","N/A","11/01/2025",149,4,0,0.27
"https://amazon.fr/dp/B0FDW2N3TV","https://m.media-amazon.com/images/I/71oFGKvVQdL._SX450_.jpg","B0FDW2N3TV","OneAmg Nettoyeur Vapeur Avec Verrouillage de Sécurité, 10 Accessoires&450ML, 1050W&105°C, Chauffage Rapide en 3-5 Min. Nettoyeur Vapeur Portable Polyvalent Adapté aux Voitures, Meubles, Sols, Cuisines","OneAmg","FBA","Cuisine et Maison",6757,"N/A","N/A","N/A","N/A","Nettoyeurs vapeur",23,48.44,-24,362,362,3059,18511.45,18510.9,115,4.1,"Red Pampas Europa Kft","Hungary",2,0,"N/A","Standard Parcel",6.22,9.8,10.59,4.17,"N/A","N/A","02/01/2026",7,7,0,3.15
"https://amazon.fr/dp/B0F1G1K49S","https://m.media-amazon.com/images/I/61iuQYi6lPL._SX450_.jpg","B0F1G1K49S","Chauffe Biberon Nomade pour Lait Maternel, Préparation pour Nourrissons ou Eau - Capacité de 380 ml, 100W Chauffage Rapide et Contrôle Précis de la Température Chauffe-Biberon Portable pour Voyage","UKEXE","FBA","Bébé et Puériculture",4069,860014435553,"N/A",0860014435553,"N/A","Chauffe-biberons",42,69.99,3,107,107,-7,6791,6790.65,284,4.2,"WATIWO LIMITED","United Kingdom of Great Britain and Northern Ireland",2,0,"N/A","Small Parcel",3.98,7.36,11.02,2.29,"N/A","N/A","01/01/2026",10,7,3,0.38
"https://amazon.fr/dp/B0F1G65HBD","https://m.media-amazon.com/images/I/61mXLz9EWGL._SX450_.jpg","B0F1G65HBD","Ariete Micro-ondes mécaniques vintage 800 W 20 L, 5 niveaux de puissance, minuterie de 30 minutes, signal de fin de cuisson, idéal pour chauffage, cuisson et décongélation (vert)","Ariete","FBM","Cuisine et Maison",51111,"N/A",08003705124004,8003705124004,"N/A","Classique",118,93.9,280,26,15,32,2987.06,1897.75,110,4.4,"BEATRIX20 S.R.L.S","Italy",4,0,"N/A","Special Oversize",19.29,14.17,11.42,128.97,"N/A","N/A","02/01/2026",10,7,3,0.24
"https://amazon.fr/dp/B0BWY61CTW","https://m.media-amazon.com/images/I/71v5YzSjhEL._SX450_.jpg","B0BWY61CTW","VEVOR Gaufrier Électrique 1300 W Moule 190,5x190,5x20 mm Machine à Gaufres avec Revêtement Anti-Adhésif Appareil à Croque-Monsieur 50-300 ℃ Chauffage Double-Face pour Soirée Fête Pâques ou Noël","VEVOR","Amazon","Cuisine et Maison",291057,840281565696,"N/A",0840281565696,"N/A","Machines à gaufres et croques",208,120.9,-29,13,13,46,1607.3,1607.19,151,4.1,"Amazon","N/A",2,79,39,"Standard Oversize",13.2,14.6,19.7,20.85,"N/A","N/A","09/01/2025",36,12,0,0.09
"https://amazon.fr/dp/B08GQTQNMP","https://m.media-amazon.com/images/I/71YlqAyECYL._SX450_.jpg","B08GQTQNMP","VEVOR Nettoyeur à Ultrasons Double Fréquence 30 L, Professionnel Nettoyeur à Ultrasons 220 V avec Chauffage, Nettoyeur Ultrasons en Acier Inoxydable pour Pièces Bijoux Carte de Circuit 28/40 kHz","VEVOR","Amazon","Commerce, Industrie et Science",6659,840349973944,"N/A",0840349973944,"N/A","Fournitures pour le nettoyage du laboratoire",28,191.9,-9,44,44,1467,8472.9,8472.31,29,3.8,"Amazon","N/A",2,0,"N/A","Standard Oversize",16.06,16.1,25.23,28.92,"N/A","N/A","01/01/2026",67,9,0,1.58
"https://amazon.fr/dp/B0821MNPFZ","https://m.media-amazon.com/images/I/61J+uRr0woL._SX450_.jpg","B0821MNPFZ","ProfiCook® Distributeur de boissons chaudes | Chauffage | Maintien au chaud | Vin chaud, café, thé, punch ou soupes | Boîtier en acier inoxydable de haute qualité | 7 litres | PC-HGA 1196 | argent","Profi Cook","Amazon","Cuisine et Maison",176542,"N/A",04006160119602,4006160119602,"N/A","Distributeurs d'eau chaude",30,74.12,-26,25,25,-60,1819.71,1819.59,80,4.3,"Amazon","N/A",7,314,"N/A","Standard Oversize",10.94,11.1,16.65,6.26,"N/A","N/A","11/01/2025",76,8,1,0.31
"https://amazon.fr/dp/B08GQ8SS64","https://m.media-amazon.com/images/I/71WDmjJyhZL._SX450_.jpg","B08GQ8SS64","VEVOR Nettoyeur à Ultrasons Double Fréquence 10 L, Professionnel Nettoyeur à Ultrasons 220 V avec Chauffage, Nettoyeur Ultrasons en Acier Inoxydable pour Pièces Bijoux Carte de Circuit 28/40 kHz","VEVOR","Amazon","Commerce, Industrie et Science",10542,840349988566,"N/A",0840349988566,"N/A","Fournitures pour le nettoyage du laboratoire",36,139.99,-6,15,15,50,2099.33,2099.18,25,4.1,"Amazon","N/A",2,289,40,"Standard Oversize",15.94,12.2,13.39,15.87,"N/A","N/A","09/01/2025",67,9,1,0.6
"https://amazon.fr/dp/B0DCBX4FKY","https://m.media-amazon.com/images/I/710aoeJKRjL._SX450_.jpg","B0DCBX4FKY","ALLJOY Bain de Pieds Massant Pliable avec Chauffage, Bulle, Bain de Pieds Bouillonnant Spa 24 Température, Pierre Ponce, 6 Minuteries, 6 Rouleaux de Massage Shiatsu, Lumière Rouge Cadeau Homme Femme","ALLJOY","FBA","Hygiène et Santé",5772,744316625020,"N/A",0744316625020,"N/A","Masseurs électriques pour les pieds",9,54.99,-9,73,73,-118,4184.56,4184.35,311,4.3,"ATRION2025","N/A",3,1484,"N/A","Standard Oversize",4.53,13.66,17.36,6.26,"N/A","N/A","12/01/2025",16,9,2,0.24
"https://amazon.fr/dp/B08H5BHM75","https://m.media-amazon.com/images/I/71Hh5TlK-pL._SX450_.jpg","B08H5BHM75","VEVOR Compresseur d'air Silencieux Sans Huile 50L, Compresseur à Air Horizontal Ultra Silencieux Moteur en Cuivre, pour la Réparation à Domicile/le Gonflage des Pneus Nettoyage du Chauffage au Sol","VEVOR","Amazon","Bricolage",5100,840281590018,"N/A",0840281590018,"N/A","Compresseurs d'air",12,193.9,-13,131,75,,36553.04,14528.26,252,4.5,"Amazon","N/A",2,0,"N/A","Large Oversize",12.2,24.8,26.77,61,"N/A","N/A","02/01/2026",66,9,3,0.52
"https://amazon.fr/dp/B0D8VL5YWQ","https://m.media-amazon.com/images/I/618b5nTMqUL._SX450_.jpg","B0D8VL5YWQ","PKBD Defroisseur Fer à Repasser de Voyage Mini Steamer Vetement Vapeur Fer à Repasser Vapeur Portable Led - 6 Modes Intelligents - Chauffage Express 9s - DéFroisseur 1200w Avec Sac de Rangement -Or","PKBD","FBA","Cuisine et Maison",18331,"N/A","N/A",6977587642371,"N/A","Fer à repasser de voyage",4,23.14,-5,84,74,6,2284.17,1995.44,328,4.3,"RADANOS TARADING LTD","Cyprus",3,0,"N/A","Small Parcel",4.41,5.94,9.57,1.76,"N/A","N/A","12/01/2025",20,7,2,0.26
"https://amazon.fr/dp/B0G47D1LFW","https://m.media-amazon.com/images/I/71DT+VwM5bL._SX450_.jpg","B0G47D1LFW","Mecmic Upgrade Nettoyeur Vapeur Portable - 2500W, 6 Niveaux de Réglage, Réservoir D'eau 1,6L, 120 °C Vapeur, Chauffage en 15s,Portable avec 10 Accessoires, Nettoyage des Canapé,Sol,Vitre,Matelas,Gris","mecmic","FBA","Cuisine et Maison",2089,717308906216,"N/A",0717308906216,"N/A","Nettoyeurs vapeur",11,89.99,-145,72,72,,6479.28,6478.55,77,4.6,"zhenfan88","China",3,0,"N/A","Standard Parcel",7.64,8.43,11.06,5.07,"N/A","N/A","02/01/2026",4,8,2,0.94
"https://amazon.fr/dp/B0CCVRVYD3","https://m.media-amazon.com/images/I/71pr7QOWZrL._SX450_.jpg","B0CCVRVYD3","VEVOR Chariot Transport Bois de Chauffage Charge 113,4 kg Chariot de Bûches de Bois Acier 67x52x110 cm Range Bûche Intérieur avec Roues PU Housse Imperméable Porte Bûche Extérieur pour Cheminée, Noir","VEVOR","Amazon","Jardin",9161,840349929170,"N/A",0840349929170,"N/A","Range-bûches",26,51.62,18,88,40,79,5640.7,2121.8,439,4.6,"Amazon","N/A",2,589,179,"Large Oversize",3.54,24.41,25.79,19.84,"N/A","N/A","09/01/2025",27,12,3,0.2
"https://amazon.fr/dp/B0DK3GYGZP","https://m.media-amazon.com/images/I/61V5I4okknL._SX450_.jpg","B0DK3GYGZP","VEVOR Presse à Chaud pour Tasses Mugs Automatique 325-887 mL Diamètre 75-85 mm, Machine de Sublimation Température et Temps Réglables, Chauffage Rapide et Uniforme, pour Transférer Images sur Mug","VEVOR","Amazon","Cuisine et Maison",225482,197988108887,"N/A",0197988108887,"N/A","Presses à imprimer",64,125.99,-6,9,9,,1070.4,1070.19,34,3.9,"Amazon","N/A",2,82,"N/A","Standard Parcel",9.06,11.42,13.78,11.07,"N/A","N/A","02/01/2025",16,9,0,0.25
"https://amazon.fr/dp/B0DRCY7N1Y","https://m.media-amazon.com/images/I/51YbC-wdnYL._SX450_.jpg","B0DRCY7N1Y","Kit fer à Souder HS-02A,100W Kit de Contrôle Intelligent de la Température 100-450°C Chauffage Rapide Alimentation PD/QC/DC 9-20V Kit fer à Souder USB Intelligent","SiRyder","FBA","Bricolage",76911,"N/A","N/A","N/A","N/A","Fers",108,60.99,-7,30,17,-53,2212.95,1064.64,65,4.2,"SiRyder EU","China",2,0,"N/A","Extra Large Envelope",2.36,3.19,8.23,0.51,"N/A","N/A","12/01/2025",15,9,3,0.47
"https://amazon.fr/dp/B0DZD2DV5F","https://m.media-amazon.com/images/I/61sD1gsEiaL._SX450_.jpg","B0DZD2DV5F","Go Brush Pro Mini brosse à lisser portable sans fil pour femme avec affichage de la température LCD, 2000 mAh, chauffage rapide et fer à lisser en céramique sans fil (PK)","Growalleter","FBA","Beauté et Parfum",1895,"N/A","N/A",8711544822714,"N/A","Fers à lisser",18,26.02,"N/A",776,92,,20559.01,2386.65,284,3.2,"Growalleter-EU","China",2,0,"N/A","Extra Large Envelope",2.05,3.78,9.02,0.82,"N/A","N/A","02/01/2026",12,9,3,2.73
"https://amazon.fr/dp/B0DDTJCHL1","https://m.media-amazon.com/images/I/61tADQHIk2L._SX450_.jpg","B0DDTJCHL1","VEVOR Presse à Chaud pour Tasses Mugs Automatique 325-887 mL Diamètre 75-85 mm, Machine de Sublimation Température Temps Réglables, Chauffage Rapide et Uniforme, pour Transférer Images sur Mug, Bleue","VEVOR","Amazon","Cuisine et Maison",68872,197988828570,"N/A",0197988828570,"N/A","Presses à imprimer",17,111.9,-22,14,14,-16,1485.52,1485.38,36,4.3,"Amazon","N/A",2,55,"N/A","Standard Parcel",8.66,11.42,13.58,11.16,"N/A","N/A","12/01/2025",18,9,0,0.38
"https://amazon.fr/dp/B0FPM369VP","https://m.media-amazon.com/images/I/61UYswc+VpL._SX450_.jpg","B0FPM369VP","Chauffe biberon nomade,Peut être chauffé, maintenu au chaud et stérilisé,Chauffage rapide en 3 minutes,Grande Capacité de 500ml,Grande batterie de 10400 mAh,Eau, lait,Brosse de nettoyage gratuite","Makerstep","FBA","Bébé et Puériculture",3958,"N/A","N/A","N/A","N/A","Chauffe-biberons",40,55.99,-27,38,38,,2208.02,2207.87,11,3.9,"taoyaoshujukejiyouxiangongsi","China",2,0,"N/A","Small Parcel",4.45,4.57,10.47,1.98,"N/A","N/A","02/01/2026",3,8,0,3.49
"https://amazon.fr/dp/B0DZD14QNH","https://m.media-amazon.com/images/I/61aHApnkazL._SX450_.jpg","B0DZD14QNH","Go Brush Pro Mini brosse à lisser portable sans fil pour femme avec affichage de la température LCD, 2000 mAh, chauffage rapide et fer à lisser en céramique sans fil (BK)","Growalleter","FBA","Beauté et Parfum",1899,"N/A","N/A",8711544822684,"N/A","Fers à lisser",18,24.99,63,776,683,,20559.01,18164.87,287,3.2,"Growalleter-EU","China",3,0,"N/A","Extra Large Envelope",2.05,3.74,8.74,0.82,"N/A","N/A","02/01/2026",12,9,3,2.7
"https://amazon.fr/dp/B0DDCVZWCY","https://m.media-amazon.com/images/I/611bcd4XLXL._SX450_.jpg","B0DDCVZWCY","Jimmy BX8 Aspirateur à Main pour Matelas 15kPa Aspirateur Anti-Acariens avec Lampe UV-C, Chauffage à 65°C, Capteur d'acariens, écran LED, Fonction ions Négatifs, pour Matelas, lit, Canapé, Tapis","Jimmy","FBA","Cuisine et Maison",38626,"N/A",06946499314201,6946499314201,"N/A","Aspirateurs à main",89,169.99,16,13,13,-56,2260.53,2260.39,118,4.5,"NEXO HOME","Spain",2,176,"N/A","Standard Parcel",8.03,13.23,15.47,6.97,"N/A","N/A","07/01/2025",19,12,0,0.12
"https://amazon.fr/dp/B0D5LP3LYK","https://m.media-amazon.com/images/I/718S4fCGShL._SX450_.jpg","B0D5LP3LYK","CARER SPARK Brosse Lissante Sans Fil 10000mAh Fer à Lisser avec Millions d'Ions Négatif, Autonomie de 80min Chauffage Rapide en 30s 9 Réglages de Température Design Anti-brûlure et Coiffage Express","CARER SPARK","Amazon","Beauté et Parfum",16435,745842890142,"N/A",0745842890142,"N/A","Brosses électriques et soufflantes",86,70.06,-1,63,63,1627,4170.38,4169.82,131,4.1,"Amazon","N/A",2,157,"N/A","Small Parcel",2.44,3.46,10.83,1.18,"N/A","N/A","02/01/2026",20,7,0,0.48
"https://amazon.fr/dp/B0778DVQL3","https://m.media-amazon.com/images/I/71rBf9xlfcL._SX450_.jpg","B0778DVQL3","tectake® Brasero Exterieur Poêle en Fonte Chauffage au Bois Cheminée de terrasse extérieure Style Antique avec Porte grillagée & tisonnier 44 x 52 x 115 cm pour Aménagement Salon de Jardin Exterieur","tectake","FBM","Jardin",19981,"N/A","N/A",4061173006189,"N/A","Braséros mexicains",2,99.9,-19,15,15,-63,1440.69,1440.47,148,4.3,"Made4Home SAS","France",2,163,99,"N/A","N/A","N/A","N/A","N/A","N/A","N/A","12/01/2025",98,8,0,0.1
"https://amazon.fr/dp/B08H5CZK9R","https://m.media-amazon.com/images/I/71Bcxk9EBpL._SX450_.jpg","B08H5CZK9R","VEVOR Compresseur d’Air Sans Huile 25 L, Compresseur d'Air Horizontal à Faible Bruit, Moteur en cuivre, convient à la réparation à domicile/le gonflage des pneus/le nettoyage du chauffage au sol","VEVOR","Amazon","Bricolage",5100,840349973128,"N/A",0840349973128,"N/A","Compresseurs d'air",12,170.99,-10,131,26,,36553.04,4467.59,252,4.5,"Amazon","N/A",2,0,"N/A","Standard Oversize",9.84,22.05,22.83,47.4,"N/A","N/A","02/01/2026",66,9,3,0.52
"https://amazon.fr/dp/B08W8QFRDB","https://m.media-amazon.com/images/I/51RGff7fspL._SX450_.jpg","B08W8QFRDB","tectake® Brouette de Jardin Chariot de jardin Brouette de chantier 100 L Tout-Terrain max. 250 kg Bac Galvanisé 1 Grande Roue Pneumatique Robuste Confortable pour Jardinage Bricolage Bois de chauffage","tectake","FBM","Commerce, Industrie et Science",2876,"N/A","N/A",4061173186751,"N/A","Brouettes",13,65.9,-33,21,21,-10,1396.1,1395.95,244,4,"Made4Home SAS","France",2,550,"N/A","N/A","N/A","N/A","N/A","N/A","N/A","N/A","11/01/2024",25,8,0,0.08
"https://amazon.fr/dp/B0FJM43J1W","https://m.media-amazon.com/images/I/71BxJIoBRJL._SX450_.jpg","B0FJM43J1W","VEVOR Chauffage Diesel 8 kW DC 12 V/24 V, Réchauffeur d'Air Diesel Portable pour Stationnement, avec Télécommande et Écran LCD, Grand Réservoir de Carburant 10 L, pour Camion Camping-car Bateau","VEVOR","FBM","Auto et Moto",21712,197988885467,"N/A",0197988885467,"N/A","Systèmes d'allumage et de chauffage",19,79.99,-37,54,54,2286,3964.38,3963.7,60,4.1,"VEVOR Direct Store FR","China",2,0,"N/A","Standard Oversize",10.63,13.39,18.11,12.13,"N/A","N/A","02/01/2026",6,9,0,0.9
"https://amazon.fr/dp/B0CN389BWH","https://m.media-amazon.com/images/I/61SSFJHXZiL._SX450_.jpg","B0CN389BWH","VEVOR Chauffe-Serviettes Stérilisateur 23 L Sèche-Serviettes avec Lumière UV et 2 Paniers en Acier Inoxydable Chauffage Rapide Convient pour Max 54 Serviettes Spa Salon de Beauté Salle de Bain Hôtel","VEVOR","Amazon","Cuisine et Maison",18812,197988822448,"N/A",0197988822448,"N/A","Sèche-serviettes",4,79.9,-21,111,111,61,9485.61,9485.12,128,4.1,"Amazon","N/A",2,727,118,"Standard Oversize",20.08,14.17,16.93,14.77,"N/A","N/A","01/01/2026",27,12,0,0.87
"https://amazon.fr/dp/B0G2M4TR4X","https://m.media-amazon.com/images/I/71zfeBoAxTL._SX450_.jpg","B0G2M4TR4X","YFQIS Chauffe Biberon, Chauffe Lait Maternel 10 En 1, Chauffage Rapide Au Bain-Marie Pour Le Lait Maternel Et Les Aliments, Fonction Maintien Au Chaud Pendant 24h Avec Arrêt Automatique, Sans BPA","YFQIS","FBA","Bébé et Puériculture",2421,788046208696,"N/A",0788046208696,"N/A","Chauffe-biberons",23,42.99,-31,83,83,,3771.92,3771.7,11,5,"WHPLuk","N/A",2,0,"N/A","Standard Parcel",5.67,7.64,7.68,2.03,"N/A","N/A","02/01/2026",4,8,0,7.5
"https://amazon.fr/dp/B0FSK2Q4KF","https://m.media-amazon.com/images/I/619r5t7SMDL._SX450_.jpg","B0FSK2Q4KF","Annmiir Défroisseur Vapeur, 140 x 80 mm Panneau de glaçure céramique, écran LCD, 120 ml réservoir d'eau, 1100W et chauffage 15s, Défroisseur vapeur à 4 vitesses pour vêtements de tous types de tissus","Annmiir","FBA","Cuisine et Maison",69948,"N/A","N/A","N/A","N/A","Défroisseurs vapeur verticaux",61,28.49,177,40,40,33,1228.29,1227.82,33,4.6,"shaoxu2023","N/A",2,0,"N/A","Standard Parcel",4.76,6.34,9.21,1.96,"N/A","N/A","01/01/2026",6,8,0,1.22
"https://amazon.fr/dp/B09KYKL4LV","https://m.media-amazon.com/images/I/41YJCH4qJYL._SX450_.jpg","B09KYKL4LV","Metro Professional Bain Marie électrique GBM1150, en Acier Inoxydable, 24 l, Chauffage Alimentaire pour GN 1/1, Plage de température jusqu'à 90 °C, période de Chauffe : 34 Min, 1200 W, 230 V, Argent","METRO Professional","FBM","Cuisine et Maison",270825,"N/A",04337147164408,4337147164408,"N/A","Bain-marie",31,89.9,"N/A",15,15,,1359.39,1359.26,21,4.5,"Gastro & Office","Germany",2,83,"N/A","Standard Oversize",11.02,14.57,25.2,13.89,"N/A","N/A","12/01/2024",30,5,0,0.72
"https://amazon.fr/dp/B0DX5XHQ2Q","https://m.media-amazon.com/images/I/71gglklWicL._SX450_.jpg","B0DX5XHQ2Q","HS-02A Kit de fer à souder portable 100 W, mini fer à souder numérique intelligent, outil de stylo à souder DC/PD avec 6 pointes à souder, chauffage rapide 100-450 °C","JOJOCY","FBA","Bricolage",163681,"N/A","N/A","N/A","N/A","Fers",277,125.99,-4,13,13,207,1602.02,1601.74,8,4.5,"cooponmile","China",2,0,"N/A","Small Parcel",3.07,8.11,11.46,1.43,"N/A","N/A","02/01/2026",13,9,0,2.12
"https://amazon.fr/dp/B0FFMC3FCW","https://m.media-amazon.com/images/I/71cUZ-bm1bL._SX450_.jpg","B0FFMC3FCW","Fer à lisser Sans Fil Lisseur Boucleur Cheveux 2 EN 1, Titanium Lisseur De Voyage Par USB Rechargeable, 3 Réglages De Température À Chauffage Rapide, Convient À Tous Les Types De Cheveux, 5000 MAh","HUAJUN","FBA","Beauté et Parfum",17174,"N/A","N/A","N/A","N/A","Fers à lisser",144,49.99,"N/A",68,51,-90,3375.54,2512.07,309,4.2,"GUANYING-EU","China",2,0,"N/A","Extra Large Envelope",2.05,2.95,9.29,1.04,"N/A","N/A","12/01/2025",9,7,3,0.22
"https://amazon.fr/dp/B0FJM3GNY7","https://m.media-amazon.com/images/I/61PCs4D7n0L._SX450_.jpg","B0FJM3GNY7","VEVOR Chauffage Diesel 8 kW DC 12 V/24 V, Réchauffeur d'Air Diesel pour Stationnement, Portable Tout-en-Un, avec Télécommande et Écran LCD, Réservoir de Carburant 5 L, pour Camion Camping-car Bateau","VEVOR","FBM","Auto et Moto",79370,197988888611,"N/A",0197988888611,"N/A","Systèmes d'allumage et de chauffage",131,74.99,19,17,17,,1261.74,1261.42,62,4.4,"VEVOR Direct Store FR","China",2,0,"N/A","Standard Oversize",7.87,18.31,18.9,20.11,"N/A","N/A","02/01/2026",6,9,0,0.27
"https://amazon.fr/dp/B0CB3XM1YR","https://m.media-amazon.com/images/I/71L4DFR1iWL._SX450_.jpg","B0CB3XM1YR","VEVOR Chauffage Diesel 12/24 V 2 KW Consommation 0,12-0,26 L/h Réchauffeur d'air Diesel 8-36 ℃ Réglable 10-15 m² Contrôle Intelligente LCD et Télécommande Réservoir 10 L pour Camion Bateau Intérieur","VEVOR","Amazon","Auto et Moto",7229,840349928302,"N/A",0840349928302,"N/A","Accessoires auto",1084,80.9,-28,104,104,-41,8280.87,8280.7,150,3.8,"Amazon","N/A",3,561,5510,"Standard Oversize",18.5,17.52,10.63,13.45,"N/A","N/A","01/01/2026",30,8,0,0.7
"https://amazon.fr/dp/B0DNJSW7XM","https://m.media-amazon.com/images/I/51ndl4ULgTL._SX450_.jpg","B0DNJSW7XM","FM9LS Fendeur manuel de bûches de 22,9 cm monté sur la base – Fendeur de bois de chauffage et de petit bois – Léger, portable et sûr pour fendre le bois efficace et précis – Aucune alimentation","Forest Master","FBM","Commerce, Industrie et Science",11667,"N/A","N/A",5060737444022,"N/A","Outils et équipements manuels",221,51.16,-6,38,38,-42,1938.66,1938.32,81,4.1,"Forest Master Limited","United Kingdom of Great Britain and Northern Ireland",3,0,"N/A","Small Parcel",2.83,3.9,9.29,3.53,"N/A","N/A","12/01/2025",16,9,0,0.47
"https://amazon.fr/dp/B0FW3QWVXL","https://m.media-amazon.com/images/I/61OsWqg1DfL._SX450_.jpg","B0FW3QWVXL","Creality Kit de mise à niveau officiel Hotend K1 Max/K1/K1 SE/K1C avec bloc de chauffage en céramique, raccord avec boucle, kit officiel de buses Unicorn Quick-Swap pour hotend d’imprimante 3D de la","Creality","FBA","Commerce, Industrie et Science",1070,198549095202,"N/A",0198549095202,"N/A","Accessoires pour imprimante 3D",14,39.99,-1,145,29,,4816.91,1250.73,86,4.5,"Creality Direct Store","China",2,0,"N/A","Large Envelope",1.42,1.73,4.13,0.18,"N/A","N/A","02/01/2026",5,9,8,1.69
"https://amazon.fr/dp/B0CB3TH75N","https://m.media-amazon.com/images/I/716e3ZSr8WL._SX450_.jpg","B0CB3TH75N","VEVOR Chauffage Diesel Tout-en-Un Portable 12 V 5-8 KW Réchauffeur d'air Diesel 0,16-0,52 L/h 8-36 ℃ Réglable 15-20 m² Contrôle LCD et Télécommande Réservoir 5 L pour Auto sans Installation Intérieur","VEVOR","FBM","Auto et Moto",11891,840349928326,"N/A",0840349928326,"N/A","Air conditionné et chauffage intérieur",121,89.99,-16,24,24,-122,2131.85,2131.46,320,4.1,"VEVOR Direct Store FR","China",2,579,426,"Standard Oversize",11.97,15.12,19.06,21.72,"N/A","N/A","11/01/2025",31,9,0,0.07
"https://amazon.fr/dp/B0CB46KGQV","https://m.media-amazon.com/images/I/718cdSh8NdL._SX450_.jpg","B0CB46KGQV","VEVOR Chauffage Diesel Tout-en-Un Portable 12 V 5-8 KW Réchauffeur d'air Diesel 0,16-0,52 L/h 8-36 ℃ Réglable 15-20 m² Contrôle LCD Bluetooth Télécommande Réservoir 5 L pour RV Auto sans Installation","VEVOR","Amazon","Auto et Moto",10703,840349928067,"N/A",0840349928067,"N/A","Air conditionné et chauffage intérieur",102,97.9,-27,122,122,15,11553.11,11552.95,239,4.1,"Amazon","N/A",3,513,"N/A","Standard Oversize",12.2,14.57,18.11,22.49,"N/A","N/A","01/01/2026",31,9,0,0.51
"https://amazon.fr/dp/B0C9TP2LWY","https://m.media-amazon.com/images/I/61eSxoudP4L._SX450_.jpg","B0C9TP2LWY","VEVOR Poêle à bois, 86 pouces, poêle de tente de camping en acier allié portable avec 8 tuyaux de cheminée et gants, poêle de tente chaude de 1400 po³ pour la cuisine et le chauffage en plein air","VEVOR","Amazon","Sports et Loisirs",6541,840349977034,"N/A",0840349977034,"N/A","Réchauds de camping",23,103.9,2858,35,32,320,4090.95,3326.71,425,4.2,"Amazon","N/A",2,285,"N/A","Standard Oversize",16.9,12.2,12.6,32.8,"N/A","N/A","02/01/2026",32,9,2,0.08
"https://amazon.fr/dp/B001KOQ81U","https://m.media-amazon.com/images/I/81aSeFGDdJL._SX450_.jpg","B001KOQ81U","Güde 1858 - Lame de scie à bois de chauffage HM - 600 x 30 x 36Z - En carbure de tungstène, dents alternées avec barres de déflecteur, 36 dents, 60 cm de diamètre, épaisseur de la lame de scie 3,8 mm,","Güde","Amazon","Bricolage",30431,"N/A","N/A",4015671018588,"N/A","Lames de scie circulaire",127,108.52,-7,12,12,-31,1306.5,1306.25,31,4.3,"Amazon","N/A",3,111,258,"Large Oversize",0.47,24.02,24.02,14.42,"N/A","N/A","11/01/2025",163,4,0,0.39